-- MySQL dump 10.13  Distrib 5.1.61, for redhat-linux-gnu (x86_64)
--
-- Host: localhost    Database: silice
-- ------------------------------------------------------
-- Server version	5.1.61

/*!40101 SET @OLD_CHARACTER_SET_CLIENT=@@CHARACTER_SET_CLIENT */;
/*!40101 SET @OLD_CHARACTER_SET_RESULTS=@@CHARACTER_SET_RESULTS */;
/*!40101 SET @OLD_COLLATION_CONNECTION=@@COLLATION_CONNECTION */;
/*!40101 SET NAMES utf8 */;
/*!40103 SET @OLD_TIME_ZONE=@@TIME_ZONE */;
/*!40103 SET TIME_ZONE='+00:00' */;
/*!40014 SET @OLD_UNIQUE_CHECKS=@@UNIQUE_CHECKS, UNIQUE_CHECKS=0 */;
/*!40014 SET @OLD_FOREIGN_KEY_CHECKS=@@FOREIGN_KEY_CHECKS, FOREIGN_KEY_CHECKS=0 */;
/*!40101 SET @OLD_SQL_MODE=@@SQL_MODE, SQL_MODE='NO_AUTO_VALUE_ON_ZERO' */;
/*!40111 SET @OLD_SQL_NOTES=@@SQL_NOTES, SQL_NOTES=0 */;

--
-- Table structure for table `cargas`
--

DROP TABLE IF EXISTS `cargas`;
/*!40101 SET @saved_cs_client     = @@character_set_client */;
/*!40101 SET character_set_client = utf8 */;
CREATE TABLE `cargas` (
  `id` bigint(20) NOT NULL AUTO_INCREMENT,
  `load_date` datetime NOT NULL COMMENT 'fecha de carga del archivo de reporte',
  `content_date` date NOT NULL,
  `hash` varchar(256) COLLATE utf8_spanish_ci NOT NULL,
  `filename` varchar(100) COLLATE utf8_spanish_ci NOT NULL,
  `tipo` varchar(20) COLLATE utf8_spanish_ci NOT NULL,
  `user` varchar(100) COLLATE utf8_spanish_ci NOT NULL,
  `ip` varchar(20) COLLATE utf8_spanish_ci NOT NULL,
  PRIMARY KEY (`id`),
  KEY `tipo` (`tipo`),
  KEY `content` (`content_date`)
) ENGINE=InnoDB AUTO_INCREMENT=61 DEFAULT CHARSET=utf8 COLLATE=utf8_spanish_ci;
/*!40101 SET character_set_client = @saved_cs_client */;

--
-- Dumping data for table `cargas`
--

LOCK TABLES `cargas` WRITE;
/*!40000 ALTER TABLE `cargas` DISABLE KEYS */;
INSERT INTO `cargas` VALUES (30,'2012-11-15 02:45:16','2012-11-15','60a0791ba0cc300635bff6ab960b9d3f','12100109.csv','HUMEDA','arm','192.168.1.81'),(31,'2012-11-15 02:45:22','2012-11-15','ebdefa5f2dfc760d128617f079a721a1','12100110.csv','HUMEDA','arm','192.168.1.81'),(32,'2012-11-15 02:45:28','2012-11-15','eb5b9ec18f21b56eb4760deb0c182791','12100111.csv','HUMEDA','arm','192.168.1.81'),(33,'2012-11-15 02:45:35','2012-11-15','ac5c4c643cbc63f3fa312f6c45fe6a55','12100112.csv','HUMEDA','arm','192.168.1.81'),(34,'2012-11-15 02:45:41','2012-11-15','9649b9902c202a11a500b1001b3e0e3f','12100113.csv','HUMEDA','arm','192.168.1.81'),(35,'2012-11-15 02:45:46','2012-11-15','4550b169e469508d8e39d84bbc9c18fd','12100114.csv','HUMEDA','arm','192.168.1.81'),(36,'2012-11-15 02:45:51','2012-11-15','7558aa1f01de302740dffe481cb0e75e','12100115.csv','HUMEDA','arm','192.168.1.81'),(37,'2012-11-15 02:46:56','2012-11-15','21d7a0bcc39df5f928a56192b2426acd','12100110.csv','PRIMA','arm','192.168.1.81'),(38,'2012-11-15 02:47:07','2012-11-15','23b8461af58fab7259f73eb62903bc89','12100111.csv','PRIMA','arm','192.168.1.81'),(39,'2012-11-15 02:47:14','2012-11-15','2f55a367222f234918f82788dde4579e','12100112.csv','PRIMA','arm','192.168.1.81'),(40,'2012-11-15 02:47:41','2012-11-15','58aece4a0c717bc2a7a786a93573b285','12100114.csv','PRIMA','arm','192.168.1.81'),(41,'2012-11-15 02:47:45','2012-11-15','3d48dfb9bee6cd0faaaca3209233e16b','12100113.csv','PRIMA','arm','192.168.1.81'),(42,'2012-11-15 02:47:55','2012-11-15','bbb988524c1fd362dc5c60a6d2b17640','12100115.csv','PRIMA','arm','192.168.1.81'),(43,'2012-11-15 02:48:15','2012-11-15','7e5e53bb0306c0d169161d904b21e72e','12100107.csv','SECA','arm','192.168.1.81'),(44,'2012-11-15 02:48:20','2012-11-15','547af582dfd9136477cb7d3fc8238b2e','12100108.csv','SECA','arm','192.168.1.81'),(45,'2012-11-15 02:48:24','2012-11-15','6283549fb4bdc3fd30a95062243b21af','12100109.csv','SECA','arm','192.168.1.81'),(46,'2012-11-15 02:54:11','2012-11-15','87cf9aac5e6d44e1b9c87924729e3b5a','12100116.csv','HUMEDA','daa','192.168.1.81'),(47,'2012-11-15 02:54:16','2012-11-15','3c6cfba4c9e45702b98d97bd14a2d514','12100117.csv','HUMEDA','daa','192.168.1.81'),(48,'2012-11-15 02:54:21','2012-11-15','97fca905ce4aba973fecc42949fc20e8','12100118.csv','HUMEDA','daa','192.168.1.81'),(49,'2012-11-15 02:54:30','2012-11-15','8b3718d0d6e1c82330f127e2ed31f8fe','12100119.csv','HUMEDA','daa','192.168.1.81'),(50,'2012-11-15 02:54:43','2012-11-15','869a72ebd32e10536c4453fdb920702e','12100120.csv','HUMEDA','daa','192.168.1.81'),(51,'2012-11-15 02:55:05','2012-11-15','5c2b57b8be67e0e72b52830d9b40e585','12100116.csv','PRIMA','daa','192.168.1.81'),(52,'2012-11-15 02:55:09','2012-11-15','f35cea3e372dd6055a5875a03bb0f234','12100117.csv','PRIMA','daa','192.168.1.81'),(53,'2012-11-15 02:55:14','2012-11-15','4680f5ac1d6f45f47c914d62e49a4165','12100118.csv','PRIMA','daa','192.168.1.81'),(54,'2012-11-15 02:55:19','2012-11-15','afbe3883d9b37fb52c093bbaef23c9a2','12100119.csv','PRIMA','daa','192.168.1.81'),(55,'2012-11-15 02:55:24','2012-11-15','e358712c632e7701a27e144c584fbe49','12100120.csv','PRIMA','daa','192.168.1.81'),(56,'2012-11-15 02:56:27','2012-11-15','a03a0362bec3c3e2e419bcc5fc0f7141','12100121.csv','HUMEDA','qaz','192.168.1.81'),(57,'2012-11-15 02:56:32','2012-11-15','56b2e0120442343fc624e1cda9ee8809','12100122.csv','HUMEDA','qaz','192.168.1.81'),(58,'2012-11-15 02:56:58','2012-11-15','233652d7d6b0bc82a43b316e0e19cb35','12100121.csv','PRIMA','qaz','192.168.1.81'),(59,'2012-11-15 02:57:03','2012-11-15','e2a061fc4b9fda0b4c359bb069c66e07','12100122.csv','PRIMA','qaz','192.168.1.81'),(60,'2012-11-15 02:57:08','2012-11-15','dd9aefed62db8f311ddb518b6a2c21d7','12100123.csv','PRIMA','qaz','192.168.1.81');
/*!40000 ALTER TABLE `cargas` ENABLE KEYS */;
UNLOCK TABLES;

--
-- Table structure for table `datos_humeda`
--

DROP TABLE IF EXISTS `datos_humeda`;
/*!40101 SET @saved_cs_client     = @@character_set_client */;
/*!40101 SET character_set_client = utf8 */;
CREATE TABLE `datos_humeda` (
  `id` bigint(20) NOT NULL AUTO_INCREMENT,
  `id_carga` bigint(20) NOT NULL,
  `date` date NOT NULL,
  `time` time NOT NULL,
  `flujo` float NOT NULL,
  `carga` float NOT NULL,
  `velocidad` float NOT NULL,
  `total1` float NOT NULL,
  `total2` float NOT NULL,
  PRIMARY KEY (`id`),
  KEY `datos_humeda_fk_1` (`id_carga`),
  CONSTRAINT `datos_humeda_fk_1` FOREIGN KEY (`id_carga`) REFERENCES `cargas` (`id`) ON DELETE CASCADE ON UPDATE CASCADE
) ENGINE=InnoDB AUTO_INCREMENT=1006 DEFAULT CHARSET=utf8 COLLATE=utf8_spanish_ci COMMENT='Datos arena humeda';
/*!40101 SET character_set_client = @saved_cs_client */;

--
-- Dumping data for table `datos_humeda`
--

LOCK TABLES `datos_humeda` WRITE;
/*!40000 ALTER TABLE `datos_humeda` DISABLE KEYS */;
INSERT INTO `datos_humeda` VALUES (181,30,'2012-11-15','09:00:00',0,94966.3,0,15780.4,0),(182,30,'2012-11-15','09:01:00',0,94966.3,0,15780.4,0),(183,30,'2012-11-15','09:02:00',0,94966.3,0,15780.4,0),(184,30,'2012-11-15','09:03:00',0,94966.3,0,15780.4,0),(185,30,'2012-11-15','09:04:00',0.018,0.504,0.01,15780.4,0),(186,30,'2012-11-15','09:05:00',15.545,4.465,0.967,15780.4,0),(187,30,'2012-11-15','09:06:00',88.267,25.299,0.969,15781.9,0),(188,30,'2012-11-15','09:07:00',84.004,24.449,0.954,15783.4,0),(189,30,'2012-11-15','09:08:00',90.183,25.748,0.973,15784.9,0),(190,30,'2012-11-15','09:09:00',99.411,28.274,0.977,15786.4,0),(191,30,'2012-11-15','09:10:00',82.198,24.058,0.949,15787.9,0),(192,30,'2012-11-15','09:11:00',87.515,25.033,0.959,15789.4,0),(193,30,'2012-11-15','09:12:00',85.46,24.763,0.959,15790.8,0),(194,30,'2012-11-15','09:13:00',95.369,27.416,0.966,15792.3,0),(195,30,'2012-11-15','09:14:00',86.561,25.247,0.952,15793.9,0),(196,30,'2012-11-15','09:15:00',109.829,31.603,0.965,15795.5,0),(197,30,'2012-11-15','09:16:00',120.847,34.938,0.961,15797.4,0),(198,30,'2012-11-15','09:17:00',133.129,38.309,0.965,15799.5,0),(199,30,'2012-11-15','09:18:00',106.934,30.89,0.962,15801.4,0),(200,30,'2012-11-15','09:19:00',105.586,30.948,0.948,15803.2,0),(201,30,'2012-11-15','09:20:00',108.063,31.096,0.965,15804.9,0),(202,30,'2012-11-15','09:21:00',99.103,28.778,0.966,15806.6,0),(203,30,'2012-11-15','09:22:00',92.965,26.945,0.958,15808.2,0),(204,30,'2012-11-15','09:23:00',92.518,27.239,0.943,15809.7,0),(205,30,'2012-11-15','09:24:00',94.096,27.012,0.968,15811.2,0),(206,30,'2012-11-15','09:25:00',83.67,24.099,0.964,15812.7,0),(207,30,'2012-11-15','09:26:00',95.358,27.71,0.956,15814.2,0),(208,30,'2012-11-15','09:27:00',82.258,23.811,0.96,15815.8,0),(209,30,'2012-11-15','09:28:00',96.403,27.775,0.964,15817.3,0),(210,30,'2012-11-15','09:29:00',88.584,25.919,0.949,15818.8,0),(211,30,'2012-11-15','09:30:00',104.336,29.993,0.966,15820.4,0),(212,30,'2012-11-15','09:31:00',96.413,27.819,0.963,15822,0),(213,30,'2012-11-15','09:32:00',95.698,27.638,0.962,15823.6,0),(214,30,'2012-11-15','09:33:00',99.45,28.808,0.959,15825.3,0),(215,30,'2012-11-15','09:34:00',104.187,29.999,0.965,15826.9,0),(216,30,'2012-11-15','09:35:00',102.59,29.828,0.955,15828.6,0),(217,30,'2012-11-15','09:36:00',97.04,27.566,0.968,15830.2,0),(218,30,'2012-11-15','09:37:00',101.018,28.922,0.97,15831.9,0),(219,30,'2012-11-15','09:38:00',97.193,27.642,0.977,15833.5,0),(220,30,'2012-11-15','09:39:00',96.655,28.083,0.956,15835.1,0),(221,30,'2012-11-15','09:40:00',96.65,28.235,0.951,15836.7,0),(222,30,'2012-11-15','09:41:00',90.164,26.308,0.952,15838.3,0),(223,30,'2012-11-15','09:42:00',101.95,29.512,0.96,15840,0),(224,30,'2012-11-15','09:43:00',94.573,27.557,0.953,15841.5,0),(225,30,'2012-11-15','09:44:00',96.924,28.037,0.96,15843.2,0),(226,30,'2012-11-15','09:45:00',104.059,29.922,0.966,15844.8,0),(227,30,'2012-11-15','09:46:00',97.573,28.465,0.952,15846.4,0),(228,30,'2012-11-15','09:47:00',95.834,27.427,0.971,15848,0),(229,30,'2012-11-15','09:48:00',99.825,28.68,0.967,15849.6,0),(230,30,'2012-11-15','09:49:00',91.554,26.389,0.964,15851.2,0),(231,30,'2012-11-15','09:50:00',100.202,28.75,0.968,15852.8,0),(232,30,'2012-11-15','09:51:00',97.73,27.621,0.983,15854.4,0),(233,30,'2012-11-15','09:52:00',102.136,29.263,0.97,15856,0),(234,30,'2012-11-15','09:53:00',89.265,26.085,0.951,15857.5,0),(235,30,'2012-11-15','09:54:00',84.692,24.481,0.961,15859,0),(236,30,'2012-11-15','09:55:00',91.8,25.986,0.981,15860.5,0),(237,30,'2012-11-15','09:56:00',92.524,26.534,0.969,15862,0),(238,30,'2012-11-15','09:57:00',103.939,30.101,0.959,15863.6,0),(239,30,'2012-11-15','09:58:00',85.271,24.724,0.958,15865.1,0),(240,30,'2012-11-15','09:59:00',94.491,26.741,0.982,15866.7,0),(241,31,'2012-11-15','10:00:00',94.066,26.977,0.969,15868.3,0),(242,31,'2012-11-15','10:01:00',97.826,28.173,0.965,15869.9,0),(243,31,'2012-11-15','10:02:00',93.369,26.987,0.961,15871.5,0),(244,31,'2012-11-15','10:03:00',96.125,27.663,0.965,15873.1,0),(245,31,'2012-11-15','10:04:00',95.668,27.668,0.96,15874.7,0),(246,31,'2012-11-15','10:05:00',88.558,25.612,0.974,15876.3,0),(247,31,'2012-11-15','10:06:00',92.266,26.461,0.969,15877.8,0),(248,31,'2012-11-15','10:07:00',91.734,26.536,0.96,15879.3,0),(249,31,'2012-11-15','10:08:00',99.584,28.108,0.984,15880.9,0),(250,31,'2012-11-15','10:09:00',93.242,27.285,0.949,15882.5,0),(251,31,'2012-11-15','10:10:00',96.219,27.259,0.973,15884.1,0),(252,31,'2012-11-15','10:11:00',83.635,24.229,0.959,15885.6,0),(253,31,'2012-11-15','10:12:00',94.986,26.891,0.981,15887.2,0),(254,31,'2012-11-15','10:13:00',95.672,27.806,0.956,15888.7,0),(255,31,'2012-11-15','10:14:00',95.816,27.813,0.957,15890.3,0),(256,31,'2012-11-15','10:15:00',97.073,27.798,0.97,15891.9,0),(257,31,'2012-11-15','10:16:00',98.968,27.958,0.983,15893.5,0),(258,31,'2012-11-15','10:17:00',94.285,27.272,0.96,15895.1,0),(259,31,'2012-11-15','10:18:00',99.078,28.754,0.957,15896.7,0),(260,31,'2012-11-15','10:19:00',99.671,28.687,0.965,15898.3,0),(261,31,'2012-11-15','10:20:00',83.404,24.235,0.956,15899.9,0),(262,31,'2012-11-15','10:21:00',86.431,24.861,0.966,15901.4,0),(263,31,'2012-11-15','10:22:00',85.086,24.056,0.983,15902.9,0),(264,31,'2012-11-15','10:23:00',75.218,21.345,0.979,15904.2,0),(265,31,'2012-11-15','10:24:00',80.384,22.814,0.979,15905.4,0),(266,31,'2012-11-15','10:25:00',78.683,22.715,0.962,15906.7,0),(267,31,'2012-11-15','10:26:00',76.28,22.229,0.953,15907.9,0),(268,31,'2012-11-15','10:27:00',69.098,19.736,0.973,15909.1,0),(269,31,'2012-11-15','10:28:00',81.546,23.506,0.964,15910.4,0),(270,31,'2012-11-15','10:29:00',83.718,23.674,0.982,15911.9,0),(271,31,'2012-11-15','10:30:00',90.918,26.789,0.943,15913.4,0),(272,31,'2012-11-15','10:31:00',102.02,28.939,0.979,15915,0),(273,31,'2012-11-15','10:32:00',87.027,25.153,0.961,15916.5,0),(274,31,'2012-11-15','10:33:00',59.757,17.126,0.969,15917.6,0),(275,31,'2012-11-15','10:34:00',51.883,14.909,0.967,15918.5,0),(276,31,'2012-11-15','10:35:00',53.971,15.39,0.974,15919.4,0),(277,31,'2012-11-15','10:36:00',57.115,16.243,0.977,15920.4,0),(278,31,'2012-11-15','10:37:00',56.493,16.282,0.964,15921.5,0),(279,31,'2012-11-15','10:38:00',54.557,15.262,0.993,15922.4,0),(280,31,'2012-11-15','10:39:00',57.664,16.414,0.976,15923.3,0),(281,31,'2012-11-15','10:40:00',63.022,17.853,0.981,15924.3,0),(282,31,'2012-11-15','10:41:00',55.961,16.179,0.961,15925.3,0),(283,31,'2012-11-15','10:42:00',71.484,20.521,0.968,15926.4,0),(284,31,'2012-11-15','10:43:00',72.914,21.295,0.951,15927.6,0),(285,31,'2012-11-15','10:44:00',80.101,23.316,0.954,15928.9,0),(286,31,'2012-11-15','10:45:00',84.607,24.102,0.975,15930.4,0),(287,31,'2012-11-15','10:46:00',91.461,26.427,0.961,15931.9,0),(288,31,'2012-11-15','10:47:00',85.344,24.695,0.96,15933.5,0),(289,31,'2012-11-15','10:48:00',99.683,28.64,0.967,15935.1,0),(290,31,'2012-11-15','10:49:00',99.439,28.34,0.962,15936.7,0),(291,31,'2012-11-15','10:50:00',99.984,28.817,0.964,15938.4,0),(292,31,'2012-11-15','10:51:00',100.27,29.09,0.957,15940.1,0),(293,31,'2012-11-15','10:52:00',107.692,30.781,0.972,15941.9,0),(294,31,'2012-11-15','10:53:00',103.362,29.83,0.963,15943.6,0),(295,31,'2012-11-15','10:54:00',93.875,27.03,0.965,15945.3,0),(296,31,'2012-11-15','10:55:00',97.742,28.469,0.954,15947,0),(297,31,'2012-11-15','10:56:00',92.874,27.041,0.954,15948.7,0),(298,31,'2012-11-15','10:57:00',102.845,29.282,0.976,15950.3,0),(299,31,'2012-11-15','10:58:00',99.194,28.865,0.955,15952,0),(300,31,'2012-11-15','10:59:00',94.87,27.317,0.965,15953.6,0),(301,32,'2012-11-15','11:00:00',100.079,28.869,0.963,15955.2,0),(302,32,'2012-11-15','11:01:00',98.158,28.136,0.969,15956.8,0),(303,32,'2012-11-15','11:02:00',99.933,28.737,0.966,15958.4,0),(304,32,'2012-11-15','11:03:00',95.33,27.501,0.963,15960.1,0),(305,32,'2012-11-15','11:04:00',95.531,27.354,0.97,15961.7,0),(306,32,'2012-11-15','11:05:00',92.783,26.648,0.967,15963.4,0),(307,32,'2012-11-15','11:06:00',92.444,26.797,0.958,15965,0),(308,32,'2012-11-15','11:07:00',95.311,27.701,0.956,15966.6,0),(309,32,'2012-11-15','11:08:00',105.28,30.188,0.969,15968.3,0),(310,32,'2012-11-15','11:09:00',116.144,33.426,0.956,15969.9,0),(311,32,'2012-11-15','11:10:00',96.767,28.192,0.953,15971.5,0),(312,32,'2012-11-15','11:11:00',96.75,27.717,0.97,15973.1,0),(313,32,'2012-11-15','11:12:00',102.162,29.817,0.952,15974.7,0),(314,32,'2012-11-15','11:13:00',91.819,27.151,0.939,15976.3,0),(315,32,'2012-11-15','11:14:00',84.415,24.687,0.95,15977.9,0),(316,32,'2012-11-15','11:15:00',96.691,27.235,0.986,15979.4,0),(317,32,'2012-11-15','11:16:00',92.775,26.582,0.969,15981,0),(318,32,'2012-11-15','11:17:00',94.737,27.762,0.948,15982.5,0),(319,32,'2012-11-15','11:18:00',96.227,28.198,0.948,15984.1,0),(320,32,'2012-11-15','11:19:00',87.818,25.303,0.964,15985.6,0),(321,32,'2012-11-15','11:20:00',95.074,28.026,0.942,15987.1,0),(322,32,'2012-11-15','11:21:00',92.173,26.673,0.96,15988.7,0),(323,32,'2012-11-15','11:22:00',98.95,28.422,0.967,15990.3,0),(324,32,'2012-11-15','11:23:00',94964.1,94966.4,0.962,15991.7,0),(325,32,'2012-11-15','11:24:00',94965.3,94966.7,0.963,15991.7,0),(326,32,'2012-11-15','11:25:00',94965.3,94966.7,0.987,15991.7,0),(327,32,'2012-11-15','11:26:00',94965.5,94966.8,0.965,15991.7,0),(328,32,'2012-11-15','11:27:00',0.055,0.015,0.992,15991.7,0),(329,32,'2012-11-15','11:28:00',94965.2,94966.7,0.978,15991.7,0),(330,32,'2012-11-15','11:29:00',94965.4,94966.8,0.997,15991.7,0),(331,32,'2012-11-15','11:30:00',94964.6,94966.5,0.977,15991.7,0),(332,32,'2012-11-15','11:31:00',94964.6,94966.6,1,15991.7,0),(333,32,'2012-11-15','11:32:00',73.932,21.329,0.963,15992.6,0),(334,32,'2012-11-15','11:33:00',87.986,25.409,0.962,15993.9,0),(335,32,'2012-11-15','11:34:00',74.855,21.268,0.978,15995.2,0),(336,32,'2012-11-15','11:35:00',91.603,26.316,0.967,15996.6,0),(337,32,'2012-11-15','11:36:00',91.63,26.223,0.971,15998.1,0),(338,32,'2012-11-15','11:37:00',82.591,23.919,0.959,15999.6,0),(339,32,'2012-11-15','11:38:00',89.755,26.122,0.954,16001.1,0),(340,32,'2012-11-15','11:39:00',88.082,25.738,0.951,16002.6,0),(341,32,'2012-11-15','11:40:00',99.745,28.215,0.982,16004.2,0),(342,32,'2012-11-15','11:41:00',92.19,26.392,0.97,16005.8,0),(343,32,'2012-11-15','11:42:00',102.051,29.442,0.963,16007.4,0),(344,32,'2012-11-15','11:43:00',84.556,24.409,0.961,16009,0),(345,32,'2012-11-15','11:44:00',84.365,24.021,0.976,16010.5,0),(346,32,'2012-11-15','11:45:00',64.713,18.672,0.963,16011.6,0),(347,32,'2012-11-15','11:46:00',37.534,10.623,0.981,16012.5,0),(348,32,'2012-11-15','11:47:00',23.431,6.729,0.967,16012.9,0),(349,32,'2012-11-15','11:48:00',41.606,11.759,0.983,16013.6,0),(350,32,'2012-11-15','11:49:00',49.159,14.061,0.971,16014.3,0),(351,32,'2012-11-15','11:50:00',41.579,11.833,0.976,16015.1,0),(352,32,'2012-11-15','11:51:00',61.21,17.649,0.963,16015.9,0),(353,32,'2012-11-15','11:52:00',63.014,17.753,0.986,16017,0),(354,32,'2012-11-15','11:53:00',69.541,20.017,0.965,16018.2,0),(355,32,'2012-11-15','11:54:00',76.27,21.982,0.964,16019.5,0),(356,32,'2012-11-15','11:55:00',79.721,23.056,0.96,16020.8,0),(357,32,'2012-11-15','11:56:00',86.85,25.395,0.95,16022.2,0),(358,32,'2012-11-15','11:57:00',89.678,25.668,0.97,16023.8,0),(359,32,'2012-11-15','11:58:00',90.542,26.386,0.953,16025.3,0),(360,32,'2012-11-15','11:59:00',92.279,26.587,0.964,16026.8,0),(361,33,'2012-11-15','12:00:00',94.396,26.683,0.983,16028.4,0),(362,33,'2012-11-15','12:01:00',90.385,26.486,0.948,16030,0),(363,33,'2012-11-15','12:02:00',98.192,28.057,0.972,16031.6,0),(364,33,'2012-11-15','12:03:00',93.882,27.424,0.951,16033.2,0),(365,33,'2012-11-15','12:04:00',96.281,27.992,0.955,16034.8,0),(366,33,'2012-11-15','12:05:00',94.526,27.651,0.95,16036.4,0),(367,33,'2012-11-15','12:06:00',98.469,27.785,0.984,16038,0),(368,33,'2012-11-15','12:07:00',89.442,26.042,0.954,16039.6,0),(369,33,'2012-11-15','12:08:00',87.955,25.156,0.971,16041.1,0),(370,33,'2012-11-15','12:09:00',90.765,25.863,0.975,16042.7,0),(371,33,'2012-11-15','12:10:00',93.41,27.066,0.959,16044.2,0),(372,33,'2012-11-15','12:11:00',93.504,27.26,0.953,16045.8,0),(373,33,'2012-11-15','12:12:00',95.136,27.419,0.964,16047.3,0),(374,33,'2012-11-15','12:13:00',92.448,27.243,0.943,16048.9,0),(375,33,'2012-11-15','12:14:00',99.148,28.31,0.973,16050.6,0),(376,33,'2012-11-15','12:15:00',105.86,30.443,0.966,16052.3,0),(377,33,'2012-11-15','12:16:00',104.693,30.229,0.962,16054,0),(378,33,'2012-11-15','12:17:00',91.511,26.235,0.969,16055.7,0),(379,33,'2012-11-15','12:18:00',102.822,29.38,0.972,16057.4,0),(380,33,'2012-11-15','12:19:00',97.915,28.472,0.955,16059,0),(381,33,'2012-11-15','12:20:00',95.614,27.634,0.961,16060.6,0),(382,33,'2012-11-15','12:21:00',93.603,27.184,0.956,16062.3,0),(383,33,'2012-11-15','12:22:00',88.169,25.526,0.959,16063.8,0),(384,33,'2012-11-15','12:23:00',97.663,28.416,0.955,16065.4,0),(385,33,'2012-11-15','12:24:00',94.562,27.45,0.957,16067,0),(386,33,'2012-11-15','12:25:00',95.207,27.586,0.959,16068.5,0),(387,33,'2012-11-15','12:26:00',89.475,25.779,0.964,16070.1,0),(388,33,'2012-11-15','12:27:00',96.934,27.914,0.965,16071.6,0),(389,33,'2012-11-15','12:28:00',86.629,25.039,0.961,16073.1,0),(390,33,'2012-11-15','12:29:00',92.804,26.995,0.955,16074.7,0),(391,33,'2012-11-15','12:30:00',82.535,23.834,0.962,16076.2,0),(392,33,'2012-11-15','12:31:00',90.002,26.049,0.96,16077.7,0),(393,33,'2012-11-15','12:32:00',89.084,25.848,0.957,16079.3,0),(394,33,'2012-11-15','12:33:00',95.153,27.93,0.946,16080.8,0),(395,33,'2012-11-15','12:34:00',92.008,26.629,0.96,16082.4,0),(396,33,'2012-11-15','12:35:00',91.281,26.638,0.952,16083.9,0),(397,33,'2012-11-15','12:36:00',92.297,26.758,0.958,16085.5,0),(398,33,'2012-11-15','12:37:00',91.997,26.266,0.973,16087,0),(399,33,'2012-11-15','12:38:00',90.327,25.98,0.966,16088.5,0),(400,33,'2012-11-15','12:39:00',81.11,23.548,0.957,16090.1,0),(401,33,'2012-11-15','12:40:00',90.852,26.117,0.966,16091.6,0),(402,33,'2012-11-15','12:41:00',92.96,26.995,0.957,16093.1,0),(403,33,'2012-11-15','12:42:00',88.421,25.655,0.957,16094.7,0),(404,33,'2012-11-15','12:43:00',99.464,28.662,0.964,16096.2,0),(405,33,'2012-11-15','12:44:00',89.76,25.936,0.961,16097.8,0),(406,33,'2012-11-15','12:45:00',101.792,29.488,0.959,16099.4,0),(407,33,'2012-11-15','12:46:00',90.393,26.249,0.957,16100.9,0),(408,33,'2012-11-15','12:47:00',96.101,27.516,0.97,16102.5,0),(409,33,'2012-11-15','12:48:00',90.681,26.235,0.96,16104.1,0),(410,33,'2012-11-15','12:49:00',97.337,28.21,0.958,16105.7,0),(411,33,'2012-11-15','12:50:00',91.318,26.422,0.96,16107.3,0),(412,33,'2012-11-15','12:51:00',96.821,28.922,0.93,16108.9,0),(413,33,'2012-11-15','12:52:00',97.567,27.922,0.971,16110.5,0),(414,33,'2012-11-15','12:53:00',92.805,27.499,0.937,16112,0),(415,33,'2012-11-15','12:54:00',100.915,29.338,0.955,16113.6,0),(416,33,'2012-11-15','12:55:00',99.158,28.383,0.97,16115.2,0),(417,33,'2012-11-15','12:56:00',98.615,27.948,0.98,16116.8,0),(418,33,'2012-11-15','12:57:00',83.032,23.728,0.972,16118.3,0),(419,33,'2012-11-15','12:58:00',86.239,24.934,0.961,16119.8,0),(420,33,'2012-11-15','12:59:00',75.829,22.078,0.954,16121.3,0),(421,34,'2012-11-15','13:00:00',81.286,23.636,0.955,16122.8,0),(422,34,'2012-11-15','13:01:00',93.751,26.831,0.971,16124.3,0),(423,34,'2012-11-15','13:02:00',92.9,26.885,0.96,16125.8,0),(424,34,'2012-11-15','13:03:00',100.031,28.608,0.971,16127.3,0),(425,34,'2012-11-15','13:04:00',94.958,27.725,0.951,16128.8,0),(426,34,'2012-11-15','13:05:00',89.77,26.067,0.957,16130.4,0),(427,34,'2012-11-15','13:06:00',96.578,28.173,0.952,16132,0),(428,34,'2012-11-15','13:07:00',101.913,29.06,0.974,16133.6,0),(429,34,'2012-11-15','13:08:00',98.185,28.161,0.968,16135.3,0),(430,34,'2012-11-15','13:09:00',96.624,27.72,0.968,16136.9,0),(431,34,'2012-11-15','13:10:00',95.46,27.492,0.965,16138.6,0),(432,34,'2012-11-15','13:11:00',101.225,29.045,0.968,16140.3,0),(433,34,'2012-11-15','13:12:00',98.474,28.346,0.965,16141.9,0),(434,34,'2012-11-15','13:13:00',101.132,29.535,0.951,16143.6,0),(435,34,'2012-11-15','13:14:00',96.266,27.636,0.968,16145.2,0),(436,34,'2012-11-15','13:15:00',99.463,28.92,0.955,16146.9,0),(437,34,'2012-11-15','13:16:00',98.07,28.862,0.944,16148.5,0),(438,34,'2012-11-15','13:17:00',96.862,27.724,0.971,16150.1,0),(439,34,'2012-11-15','13:18:00',94.702,27.156,0.969,16151.7,0),(440,34,'2012-11-15','13:19:00',90.836,26,0.97,16153.2,0),(441,34,'2012-11-15','13:20:00',95.018,27.886,0.946,16154.8,0),(442,34,'2012-11-15','13:21:00',87.163,25.296,0.957,16156.4,0),(443,34,'2012-11-15','13:22:00',86.9,25.001,0.966,16157.9,0),(444,34,'2012-11-15','13:23:00',75.105,21.819,0.956,16159.3,0),(445,34,'2012-11-15','13:24:00',86.589,24.912,0.965,16160.7,0),(446,34,'2012-11-15','13:25:00',90.229,25.779,0.972,16162.2,0),(447,34,'2012-11-15','13:26:00',89.355,25.499,0.973,16163.7,0),(448,34,'2012-11-15','13:27:00',96.772,27.697,0.971,16165.2,0),(449,34,'2012-11-15','13:28:00',89.355,25.916,0.958,16166.7,0),(450,34,'2012-11-15','13:29:00',92.042,26.914,0.95,16168.3,0),(451,34,'2012-11-15','13:30:00',85.162,24.491,0.966,16169.8,0),(452,34,'2012-11-15','13:31:00',97.433,28.548,0.948,16171.4,0),(453,34,'2012-11-15','13:32:00',95.163,26.918,0.982,16173,0),(454,34,'2012-11-15','13:33:00',90.185,26.02,0.963,16174.6,0),(455,34,'2012-11-15','13:34:00',96.763,28.154,0.955,16176.2,0),(456,34,'2012-11-15','13:35:00',93.609,27.094,0.96,16177.9,0),(457,34,'2012-11-15','13:36:00',93.871,27.286,0.956,16179.5,0),(458,34,'2012-11-15','13:37:00',96.568,27.262,0.984,16181.1,0),(459,34,'2012-11-15','13:38:00',95.927,27.464,0.97,16182.7,0),(460,34,'2012-11-15','13:39:00',91.529,26.3,0.967,16184.3,0),(461,34,'2012-11-15','13:40:00',98.179,28.58,0.954,16186,0),(462,34,'2012-11-15','13:41:00',99.863,29.2,0.95,16187.6,0),(463,34,'2012-11-15','13:42:00',95.288,27.284,0.97,16189.2,0),(464,34,'2012-11-15','13:43:00',94.457,26.905,0.975,16190.8,0),(465,34,'2012-11-15','13:44:00',101.446,29.385,0.959,16192.5,0),(466,34,'2012-11-15','13:45:00',96.685,27.835,0.965,16194.2,0),(467,34,'2012-11-15','13:46:00',97.309,28.168,0.96,16195.8,0),(468,34,'2012-11-15','13:47:00',106.891,30.748,0.966,16197.5,0),(469,34,'2012-11-15','13:48:00',103.73,29.939,0.962,16199.2,0),(470,34,'2012-11-15','13:49:00',97.149,27.963,0.965,16200.8,0),(471,34,'2012-11-15','13:50:00',98.363,28.663,0.953,16202.5,0),(472,34,'2012-11-15','13:51:00',92.719,26.946,0.956,16204.1,0),(473,34,'2012-11-15','13:52:00',88.084,25.323,0.966,16205.7,0),(474,34,'2012-11-15','13:53:00',101.167,29.134,0.965,16207.3,0),(475,34,'2012-11-15','13:54:00',87.374,25.134,0.966,16208.9,0),(476,34,'2012-11-15','13:55:00',93.867,27.448,0.95,16210.5,0),(477,34,'2012-11-15','13:56:00',96.025,27.392,0.981,16212.1,0),(478,34,'2012-11-15','13:57:00',106.121,30.308,0.973,16213.7,0),(479,34,'2012-11-15','13:58:00',102.372,29.677,0.958,16215.3,0),(480,34,'2012-11-15','13:59:00',91.446,26.788,0.948,16216.9,0),(481,35,'2012-11-15','14:00:00',100.842,29.269,0.957,16218.5,0),(482,35,'2012-11-15','14:01:00',93.82,27.028,0.964,16220.2,0),(483,35,'2012-11-15','14:02:00',95.733,28.2,0.943,16221.8,0),(484,35,'2012-11-15','14:03:00',90.344,26.011,0.965,16223.4,0),(485,35,'2012-11-15','14:04:00',104.149,30.446,0.95,16225.1,0),(486,35,'2012-11-15','14:05:00',93.791,26.873,0.97,16226.8,0),(487,35,'2012-11-15','14:06:00',101.017,29.382,0.955,16228.4,0),(488,35,'2012-11-15','14:07:00',91.669,26.198,0.972,16230.1,0),(489,35,'2012-11-15','14:08:00',97.655,28.1,0.965,16231.7,0),(490,35,'2012-11-15','14:09:00',98.808,28.508,0.963,16233.3,0),(491,35,'2012-11-15','14:10:00',95.699,27.661,0.97,16234.9,0),(492,35,'2012-11-15','14:11:00',94.765,27.063,0.973,16236.5,0),(493,35,'2012-11-15','14:12:00',97.312,27.804,0.972,16238.1,0),(494,35,'2012-11-15','14:13:00',95.434,27.53,0.963,16239.8,0),(495,35,'2012-11-15','14:14:00',96.98,27.878,0.966,16241.4,0),(496,35,'2012-11-15','14:15:00',96.159,28.004,0.954,16243,0),(497,35,'2012-11-15','14:16:00',83.344,24.418,0.948,16244.6,0),(498,35,'2012-11-15','14:17:00',92.891,26.992,0.956,16246.2,0),(499,35,'2012-11-15','14:18:00',94.318,27.135,0.966,16247.8,0),(500,35,'2012-11-15','14:19:00',104.312,30.192,0.96,16249.5,0),(501,35,'2012-11-15','14:20:00',104.839,30.08,0.971,16251.1,0),(502,35,'2012-11-15','14:21:00',97.701,28.606,0.949,16252.8,0),(503,35,'2012-11-15','14:22:00',94965.3,94966.7,0.985,16253.2,0),(504,35,'2012-11-15','14:23:00',94965.3,94966.7,0.993,16253.2,0),(505,35,'2012-11-15','14:24:00',94965,94966.7,1,16253.2,0),(506,35,'2012-11-15','14:25:00',94965.5,94966.8,0.969,16253.2,0),(507,35,'2012-11-15','14:26:00',94964.7,94966.6,0.993,16253.2,0),(508,35,'2012-11-15','14:27:00',94964.9,94966.6,0.964,16253.2,0),(509,35,'2012-11-15','14:28:00',89.75,26.165,0.953,16253.7,0),(510,35,'2012-11-15','14:29:00',97.708,28.091,0.966,16255.2,0),(511,35,'2012-11-15','14:30:00',87.37,24.71,0.982,16256.6,0),(512,35,'2012-11-15','14:31:00',89.542,25.853,0.962,16258.1,0),(513,35,'2012-11-15','14:32:00',102.689,29.963,0.952,16259.6,0),(514,35,'2012-11-15','14:33:00',94.726,27.195,0.968,16261.2,0),(515,35,'2012-11-15','14:34:00',94.61,27.366,0.96,16262.7,0),(516,35,'2012-11-15','14:35:00',91.38,26.249,0.967,16264.3,0),(517,35,'2012-11-15','14:36:00',94.081,27.336,0.956,16265.9,0),(518,35,'2012-11-15','14:37:00',103.213,29.112,0.985,16267.6,0),(519,35,'2012-11-15','14:38:00',96.548,27.716,0.968,16269.2,0),(520,35,'2012-11-15','14:39:00',103.179,30.013,0.955,16270.9,0),(521,35,'2012-11-15','14:40:00',96.144,27.751,0.962,16272.5,0),(522,35,'2012-11-15','14:41:00',102.142,29.375,0.966,16274.2,0),(523,35,'2012-11-15','14:42:00',107.738,31.269,0.957,16275.9,0),(524,35,'2012-11-15','14:43:00',97.652,28.339,0.957,16277.5,0),(525,35,'2012-11-15','14:44:00',103.698,30.47,0.945,16279.2,0),(526,35,'2012-11-15','14:45:00',103.098,29.941,0.956,16280.8,0),(527,35,'2012-11-15','14:46:00',95.565,27.812,0.954,16282.4,0),(528,35,'2012-11-15','14:47:00',92.52,26.779,0.96,16284,0),(529,35,'2012-11-15','14:48:00',99.876,28.99,0.957,16285.6,0),(530,35,'2012-11-15','14:49:00',94.743,27.565,0.955,16287.2,0),(531,35,'2012-11-15','14:50:00',90.569,25.972,0.969,16288.8,0),(532,35,'2012-11-15','14:51:00',102.286,28.781,0.987,16290.4,0),(533,35,'2012-11-15','14:52:00',100.957,28.688,0.978,16292,0),(534,35,'2012-11-15','14:53:00',102.947,29.486,0.97,16293.7,0),(535,35,'2012-11-15','14:54:00',90.8,26.108,0.968,16295.2,0),(536,35,'2012-11-15','14:55:00',101.332,28.859,0.975,16296.8,0),(537,35,'2012-11-15','14:56:00',85.186,24.788,0.955,16298.4,0),(538,35,'2012-11-15','14:57:00',98.927,28.747,0.956,16299.9,0),(539,35,'2012-11-15','14:58:00',96.639,27.983,0.959,16301.5,0),(540,35,'2012-11-15','14:59:00',94.856,27.864,0.946,16303.1,0),(541,36,'2012-11-15','15:00:00',98.687,28.269,0.97,16304.7,0),(542,36,'2012-11-15','15:01:00',96.75,27.961,0.961,16306.2,0),(543,36,'2012-11-15','15:02:00',100.585,28.568,0.978,16307.9,0),(544,36,'2012-11-15','15:03:00',92.402,26.56,0.966,16309.5,0),(545,36,'2012-11-15','15:04:00',94.548,26.937,0.975,16311.1,0),(546,36,'2012-11-15','15:05:00',89.784,26.056,0.957,16312.8,0),(547,36,'2012-11-15','15:06:00',98.352,28.746,0.95,16314.4,0),(548,36,'2012-11-15','15:07:00',87.302,25.775,0.941,16316,0),(549,36,'2012-11-15','15:08:00',92.12,26.701,0.958,16317.6,0),(550,36,'2012-11-15','15:09:00',93.727,27.049,0.963,16319.1,0),(551,36,'2012-11-15','15:10:00',93.862,26.261,0.993,16320.7,0),(552,36,'2012-11-15','15:11:00',90.08,25.756,0.972,16322.2,0),(553,36,'2012-11-15','15:12:00',94.569,27.338,0.961,16323.8,0),(554,36,'2012-11-15','15:13:00',100.433,28.617,0.975,16325.4,0),(555,36,'2012-11-15','15:14:00',100.61,28.369,0.985,16327.1,0),(556,36,'2012-11-15','15:15:00',94965,94966.6,0.96,16327.2,0),(557,36,'2012-11-15','15:16:00',94966.7,94967.1,0.979,16327.2,0),(558,36,'2012-11-15','15:17:00',94964.9,94966.6,0.996,16327.2,0),(559,36,'2012-11-15','15:18:00',94965.3,94966.7,0.989,16327.2,0),(560,36,'2012-11-15','15:19:00',94966.4,94967,1.007,16327.2,0),(561,36,'2012-11-15','15:20:00',90.717,25.675,0.981,16327.4,0),(562,36,'2012-11-15','15:21:00',84.971,24.315,0.971,16328.8,0),(563,36,'2012-11-15','15:22:00',86.733,24.707,0.975,16330.3,0),(564,36,'2012-11-15','15:23:00',92.141,26.561,0.964,16331.8,0),(565,36,'2012-11-15','15:24:00',89.865,25.843,0.966,16333.2,0),(566,36,'2012-11-15','15:25:00',101.051,29.239,0.96,16334.7,0),(567,36,'2012-11-15','15:26:00',86.923,25.256,0.956,16336.3,0),(568,36,'2012-11-15','15:27:00',98.072,27.962,0.974,16337.8,0),(569,36,'2012-11-15','15:28:00',97.341,28.3,0.948,16339.4,0),(570,36,'2012-11-15','15:29:00',96.463,27.271,0.983,16341,0),(571,36,'2012-11-15','15:30:00',102.697,29.284,0.974,16342.6,0),(572,36,'2012-11-15','15:31:00',103.696,30.186,0.954,16344.2,0),(573,36,'2012-11-15','15:32:00',97.478,28.227,0.959,16346,0),(574,36,'2012-11-15','15:33:00',100.824,29.37,0.954,16347.6,0),(575,36,'2012-11-15','15:34:00',101.49,28.748,0.981,16349.3,0),(576,36,'2012-11-15','15:35:00',101.741,29.017,0.974,16351,0),(577,36,'2012-11-15','15:36:00',97.984,28.533,0.954,16352.7,0),(578,36,'2012-11-15','15:37:00',92.952,26.573,0.972,16354.3,0),(579,36,'2012-11-15','15:38:00',100.845,27.718,0.958,16355.9,0),(580,36,'2012-11-15','15:39:00',103.402,29.379,0.978,16357.5,0),(581,36,'2012-11-15','15:40:00',98.504,28.199,0.97,16359.1,0),(582,36,'2012-11-15','15:41:00',98.636,28.269,0.969,16360.7,0),(583,36,'2012-11-15','15:42:00',93.083,27.134,0.953,16362.3,0),(584,36,'2012-11-15','15:43:00',92.709,26.689,0.965,16363.9,0),(585,36,'2012-11-15','15:44:00',94.059,27.125,0.963,16365.5,0),(586,36,'2012-11-15','15:45:00',101.111,28.926,0.971,16367.1,0),(587,36,'2012-11-15','15:46:00',104.912,30.054,0.97,16368.7,0),(588,36,'2012-11-15','15:47:00',97.936,28.296,0.961,16370.3,0),(589,36,'2012-11-15','15:48:00',96.51,27.658,0.969,16372,0),(590,36,'2012-11-15','15:49:00',98.865,28.767,0.955,16373.6,0),(591,36,'2012-11-15','15:50:00',94.649,27.167,0.968,16375.2,0),(592,36,'2012-11-15','15:51:00',98.939,28.499,0.964,16376.9,0),(593,36,'2012-11-15','15:52:00',98.276,28.298,0.965,16378.5,0),(594,36,'2012-11-15','15:53:00',103.809,30.041,0.965,16380.2,0),(595,36,'2012-11-15','15:54:00',93.236,26.963,0.961,16381.9,0),(596,36,'2012-11-15','15:55:00',99.258,28.556,0.966,16383.5,0),(597,36,'2012-11-15','15:56:00',103.432,30.114,0.954,16385.2,0),(598,36,'2012-11-15','15:57:00',97.092,28.097,0.96,16386.8,0),(599,36,'2012-11-15','15:58:00',103.21,29.836,0.961,16388.4,0),(600,36,'2012-11-15','15:59:00',84.899,24.725,0.954,16390,0),(601,46,'2012-11-15','16:00:00',98.39,27.901,0.98,16391.6,0),(602,46,'2012-11-15','16:01:00',95.206,27.261,0.97,16393.2,0),(603,46,'2012-11-15','16:02:00',93.424,27.471,0.945,16394.9,0),(604,46,'2012-11-15','16:03:00',97.508,27.765,0.976,16396.5,0),(605,46,'2012-11-15','16:04:00',100.86,29.103,0.963,16398.2,0),(606,46,'2012-11-15','16:05:00',98.103,28.332,0.962,16399.9,0),(607,46,'2012-11-15','16:06:00',98.137,27.97,0.975,16401.6,0),(608,46,'2012-11-15','16:07:00',96.921,27.809,0.968,16403.2,0),(609,46,'2012-11-15','16:08:00',91.872,26.656,0.957,16404.9,0),(610,46,'2012-11-15','16:09:00',99.638,28.561,0.969,16406.5,0),(611,46,'2012-11-15','16:10:00',92.319,26.64,0.963,16408.1,0),(612,46,'2012-11-15','16:11:00',98.994,28.796,0.955,16409.8,0),(613,46,'2012-11-15','16:12:00',92.587,26.831,0.959,16411.4,0),(614,46,'2012-11-15','16:13:00',105.415,30.771,0.952,16413.1,0),(615,46,'2012-11-15','16:14:00',100.331,29.017,0.96,16414.7,0),(616,46,'2012-11-15','16:15:00',98.065,28.85,0.944,16416.4,0),(617,46,'2012-11-15','16:16:00',95.68,27.463,0.968,16418.1,0),(618,46,'2012-11-15','16:17:00',98.855,28.617,0.96,16419.7,0),(619,46,'2012-11-15','16:18:00',100.832,28.653,0.978,16421.3,0),(620,46,'2012-11-15','16:19:00',98.59,28.59,0.958,16423,0),(621,46,'2012-11-15','16:20:00',100.352,28.685,0.972,16424.6,0),(622,46,'2012-11-15','16:21:00',93.641,26.693,0.974,16426.2,0),(623,46,'2012-11-15','16:22:00',94.28,27.444,0.954,16427.9,0),(624,46,'2012-11-15','16:23:00',90.526,26.325,0.955,16429.5,0),(625,46,'2012-11-15','16:24:00',103.46,29.822,0.964,16431.1,0),(626,46,'2012-11-15','16:25:00',97.558,28.206,0.961,16432.8,0),(627,46,'2012-11-15','16:26:00',100.956,29.225,0.96,16434.4,0),(628,46,'2012-11-15','16:27:00',101.273,29.946,0.939,16436.1,0),(629,46,'2012-11-15','16:28:00',90.721,26.552,0.949,16437.7,0),(630,46,'2012-11-15','16:29:00',105.271,29.978,0.975,16439.4,0),(631,46,'2012-11-15','16:30:00',96.357,27.9,0.959,16441,0),(632,46,'2012-11-15','16:31:00',100.437,28.836,0.967,16442.7,0),(633,46,'2012-11-15','16:32:00',95.157,27.36,0.955,16444.2,0),(634,46,'2012-11-15','16:33:00',95.18,27.185,0.973,16445.8,0),(635,46,'2012-11-15','16:34:00',91.453,26.294,0.966,16447.4,0),(636,46,'2012-11-15','16:35:00',90.525,26.077,0.964,16448.9,0),(637,46,'2012-11-15','16:36:00',93.836,27.041,0.964,16450.4,0),(638,46,'2012-11-15','16:37:00',103.568,29.979,0.96,16452,0),(639,46,'2012-11-15','16:38:00',94.743,28.089,0.937,16453.6,0),(640,46,'2012-11-15','16:39:00',89.578,25.766,0.966,16455.2,0),(641,46,'2012-11-15','16:40:00',93.009,26.548,0.973,16456.9,0),(642,46,'2012-11-15','16:41:00',96.196,27.916,0.957,16458.5,0),(643,46,'2012-11-15','16:42:00',95.362,27.385,0.967,16460,0),(644,46,'2012-11-15','16:43:00',93.873,26.578,0.981,16461.5,0),(645,46,'2012-11-15','16:44:00',92.468,26.8,0.958,16463.1,0),(646,46,'2012-11-15','16:45:00',86.854,25.071,0.962,16464.6,0),(647,46,'2012-11-15','16:46:00',87.069,25.537,0.947,16466.1,0),(648,46,'2012-11-15','16:47:00',91.982,25.788,0.991,16467.6,0),(649,46,'2012-11-15','16:48:00',94.202,27.312,0.958,16469.1,0),(650,46,'2012-11-15','16:49:00',93.108,27.165,0.952,16470.7,0),(651,46,'2012-11-15','16:50:00',94.568,26.698,0.984,16472.2,0),(652,46,'2012-11-15','16:51:00',88.916,25.61,0.964,16473.7,0),(653,46,'2012-11-15','16:52:00',86.577,25.295,0.951,16475.2,0),(654,46,'2012-11-15','16:53:00',96.119,27.952,0.955,16476.8,0),(655,46,'2012-11-15','16:54:00',92.497,26.46,0.971,16478.3,0),(656,46,'2012-11-15','16:55:00',94.815,27.505,0.958,16479.9,0),(657,46,'2012-11-15','16:56:00',94.64,27.142,0.976,16481.5,0),(658,46,'2012-11-15','16:57:00',98.328,28.03,0.974,16483.1,0),(659,46,'2012-11-15','16:58:00',84.824,24.34,0.968,16484.6,0),(660,46,'2012-11-15','16:59:00',98.384,28.227,0.968,16486.1,0),(661,47,'2012-11-15','17:00:00',85.17,24.532,0.964,16487.6,0),(662,47,'2012-11-15','17:01:00',94.596,27.366,0.96,16489.1,0),(663,47,'2012-11-15','17:02:00',91.588,26.053,0.977,16490.7,0),(664,47,'2012-11-15','17:03:00',100.246,28.815,0.966,16492.3,0),(665,47,'2012-11-15','17:04:00',93.191,27.02,0.958,16493.9,0),(666,47,'2012-11-15','17:05:00',93.517,27.04,0.961,16495.5,0),(667,47,'2012-11-15','17:06:00',95.587,27.974,0.949,16496.9,0),(668,47,'2012-11-15','17:07:00',95.498,27.621,0.96,16498.6,0),(669,47,'2012-11-15','17:08:00',111.38,31.745,0.975,16500.2,0),(670,47,'2012-11-15','17:09:00',90.504,26.17,0.961,16501.9,0),(671,47,'2012-11-15','17:10:00',95.767,28.07,0.948,16503.5,0),(672,47,'2012-11-15','17:11:00',100.858,27.9,0.972,16505.1,0),(673,47,'2012-11-15','17:12:00',85.837,24.738,0.964,16506.7,0),(674,47,'2012-11-15','17:13:00',93.728,26.99,0.965,16508.3,0),(675,47,'2012-11-15','17:14:00',99.899,29.101,0.954,16510,0),(676,47,'2012-11-15','17:15:00',106.369,30.377,0.973,16511.6,0),(677,47,'2012-11-15','17:16:00',97.553,28.759,0.942,16513.2,0),(678,47,'2012-11-15','17:17:00',94.986,27.273,0.967,16514.8,0),(679,47,'2012-11-15','17:18:00',87.413,25.518,0.952,16516.4,0),(680,47,'2012-11-15','17:19:00',94956.1,94964,0.959,16517.8,0),(681,47,'2012-11-15','17:20:00',94959.7,94965.2,0.993,16517.8,0),(682,47,'2012-11-15','17:21:00',94960.1,94965.2,0.979,16517.8,0),(683,47,'2012-11-15','17:22:00',94963.9,94966.3,0.975,16517.8,0),(684,47,'2012-11-15','17:23:00',94963.9,94966.3,0.978,16517.8,0),(685,47,'2012-11-15','17:24:00',94961.3,94965.6,0.986,16517.8,0),(686,47,'2012-11-15','17:25:00',94964.6,94966.5,0.976,16517.8,0),(687,47,'2012-11-15','17:26:00',94965.1,94966.7,0.965,16517.8,0),(688,47,'2012-11-15','17:27:00',96.772,27.671,0.971,16519.2,0),(689,47,'2012-11-15','17:28:00',97.351,28.113,0.962,16520.8,0),(690,47,'2012-11-15','17:29:00',93.331,27.083,0.957,16522.5,0),(691,47,'2012-11-15','17:30:00',95.377,27.77,0.954,16524.1,0),(692,47,'2012-11-15','17:31:00',99.908,28.565,0.972,16525.8,0),(693,47,'2012-11-15','17:32:00',111.221,32.185,0.96,16527.5,0),(694,47,'2012-11-15','17:33:00',109.807,31.412,0.971,16529.3,0),(695,47,'2012-11-15','17:34:00',101.593,29.396,0.96,16531,0),(696,47,'2012-11-15','17:35:00',107.627,30.975,0.965,16532.8,0),(697,47,'2012-11-15','17:36:00',104.776,29.78,0.977,16534.6,0),(698,47,'2012-11-15','17:37:00',103.627,30.014,0.959,16536.3,0),(699,47,'2012-11-15','17:38:00',99.716,28.446,0.974,16538,0),(700,47,'2012-11-15','17:39:00',103.834,29.989,0.962,16539.8,0),(701,47,'2012-11-15','17:40:00',99.611,28.893,0.958,16541.7,0),(702,47,'2012-11-15','17:41:00',104.887,30.457,0.957,16543.2,0),(703,47,'2012-11-15','17:42:00',106.003,30.35,0.97,16545.1,0),(704,47,'2012-11-15','17:43:00',107.082,30.966,0.961,16546.7,0),(705,47,'2012-11-15','17:44:00',103.99,29.947,0.965,16548.5,0),(706,47,'2012-11-15','17:45:00',105.657,30.387,0.966,16550.3,0),(707,47,'2012-11-15','17:46:00',108.824,31.645,0.955,16552,0),(708,47,'2012-11-15','17:47:00',97.921,28.62,0.95,16553.8,0),(709,47,'2012-11-15','17:48:00',109.277,31.815,0.954,16555.5,0),(710,47,'2012-11-15','17:49:00',99.258,29.082,0.948,16557.3,0),(711,47,'2012-11-15','17:50:00',103.092,30.266,0.946,16559.1,0),(712,47,'2012-11-15','17:51:00',103.714,29.785,0.967,16560.8,0),(713,47,'2012-11-15','17:52:00',112.185,32.54,0.958,16562.6,0),(714,47,'2012-11-15','17:53:00',102.246,29.413,0.966,16564.4,0),(715,47,'2012-11-15','17:54:00',104.809,30.568,0.952,16566.2,0),(716,47,'2012-11-15','17:55:00',82.189,23.743,0.962,16567.9,0),(717,47,'2012-11-15','17:56:00',110.727,31.597,0.973,16569.7,0),(718,47,'2012-11-15','17:57:00',105.22,30.793,0.949,16571.4,0),(719,47,'2012-11-15','17:58:00',107.31,30.598,0.974,16573.2,0),(720,47,'2012-11-15','17:59:00',106.121,30.921,0.953,16575,0),(721,48,'2012-11-15','18:00:00',101.753,29.222,0.966,16576.7,0),(722,48,'2012-11-15','18:01:00',105.699,30.862,0.951,16578.4,0),(723,48,'2012-11-15','18:02:00',100.943,29.35,0.955,16580.2,0),(724,48,'2012-11-15','18:03:00',114.441,32.348,0.983,16581.9,0),(725,48,'2012-11-15','18:04:00',102.881,29.58,0.966,16583.7,0),(726,48,'2012-11-15','18:05:00',100.492,29.832,0.936,16585.5,0),(727,48,'2012-11-15','18:06:00',108.13,30.893,0.972,16587.2,0),(728,48,'2012-11-15','18:07:00',106.016,30.714,0.959,16589,0),(729,48,'2012-11-15','18:08:00',102.207,29.604,0.959,16590.8,0),(730,48,'2012-11-15','18:09:00',108.128,31.177,0.963,16592.5,0),(731,48,'2012-11-15','18:10:00',100.451,28.839,0.968,16594.3,0),(732,48,'2012-11-15','18:11:00',104.443,30.147,0.962,16596,0),(733,48,'2012-11-15','18:12:00',113.805,33.156,0.953,16597.8,0),(734,48,'2012-11-15','18:13:00',109.185,31.761,0.955,16599.6,0),(735,48,'2012-11-15','18:14:00',109.318,31.726,0.957,16601.4,0),(736,48,'2012-11-15','18:15:00',110.593,31.866,0.964,16603.1,0),(737,48,'2012-11-15','18:16:00',107.901,31.399,0.955,16604.9,0),(738,48,'2012-11-15','18:17:00',94.6,27.173,0.967,16606.7,0),(739,48,'2012-11-15','18:18:00',106.736,31.61,0.938,16608.4,0),(740,48,'2012-11-15','18:19:00',99.496,28.553,0.968,16610.1,0),(741,48,'2012-11-15','18:20:00',103.812,30.135,0.957,16611.9,0),(742,48,'2012-11-15','18:21:00',94.933,27.738,0.951,16613.6,0),(743,48,'2012-11-15','18:22:00',107.541,31.799,0.939,16615.3,0),(744,48,'2012-11-15','18:23:00',103.023,29.436,0.972,16617,0),(745,48,'2012-11-15','18:24:00',112.163,32.249,0.966,16618.8,0),(746,48,'2012-11-15','18:25:00',107.897,30.957,0.968,16620.5,0),(747,48,'2012-11-15','18:26:00',104.603,30.075,0.966,16622.3,0),(748,48,'2012-11-15','18:27:00',109.375,31.422,0.967,16624.1,0),(749,48,'2012-11-15','18:28:00',101.81,29.591,0.956,16625.9,0),(750,48,'2012-11-15','18:29:00',110.304,31.898,0.961,16627.7,0),(751,48,'2012-11-15','18:30:00',100.824,29.856,0.938,16629.5,0),(752,48,'2012-11-15','18:31:00',107.402,30.963,0.964,16631.3,0),(753,48,'2012-11-15','18:32:00',96.542,28.698,0.934,16633,0),(754,48,'2012-11-15','18:33:00',106.776,30.793,0.963,16634.8,0),(755,48,'2012-11-15','18:34:00',105.234,30.796,0.964,16636.6,0),(756,48,'2012-11-15','18:35:00',103.761,30.388,0.948,16638.3,0),(757,48,'2012-11-15','18:36:00',105.296,30.488,0.959,16640,0),(758,48,'2012-11-15','18:37:00',99.73,28.859,0.96,16641.7,0),(759,48,'2012-11-15','18:38:00',114.497,33.633,0.946,16643.5,0),(760,48,'2012-11-15','18:39:00',98.843,28.869,0.951,16645.2,0),(761,48,'2012-11-15','18:40:00',103.028,29.957,0.955,16647,0),(762,48,'2012-11-15','18:41:00',104.044,29.631,0.975,16648.7,0),(763,48,'2012-11-15','18:42:00',104.073,30.342,0.953,16650.5,0),(764,48,'2012-11-15','18:43:00',98.563,28.598,0.957,16652.3,0),(765,48,'2012-11-15','18:44:00',112.368,32.699,0.955,16654.2,0),(766,48,'2012-11-15','18:45:00',101.099,29.37,0.956,16656,0),(767,48,'2012-11-15','18:46:00',110.336,32.007,0.958,16657.8,0),(768,48,'2012-11-15','18:47:00',112.242,32.39,0.963,16659.6,0),(769,48,'2012-11-15','18:48:00',116.973,33.815,0.961,16661.4,0),(770,48,'2012-11-15','18:49:00',107.29,30.883,0.957,16663.2,0),(771,48,'2012-11-15','18:50:00',103.469,30.528,0.941,16665,0),(772,48,'2012-11-15','18:51:00',107.036,31.414,0.946,16666.8,0),(773,48,'2012-11-15','18:52:00',108.463,30.744,0.98,16668.6,0),(774,48,'2012-11-15','18:53:00',101.823,29.966,0.944,16670.3,0),(775,48,'2012-11-15','18:54:00',102.259,29.471,0.964,16672.1,0),(776,48,'2012-11-15','18:55:00',106.46,30.829,0.959,16673.8,0),(777,48,'2012-11-15','18:56:00',100.629,29.16,0.959,16675.5,0),(778,48,'2012-11-15','18:57:00',108.945,31.208,0.97,16677.2,0),(779,48,'2012-11-15','18:58:00',102.01,29.727,0.953,16679,0),(780,48,'2012-11-15','18:59:00',109.575,31.282,0.952,16680.8,0),(781,49,'2012-11-15','19:00:00',110.431,31.841,0.963,16682.6,0),(782,49,'2012-11-15','19:01:00',114.983,32.798,0.974,16684.3,0),(783,49,'2012-11-15','19:02:00',104.949,30.298,0.962,16686.1,0),(784,49,'2012-11-15','19:03:00',113.152,33.232,0.946,16687.9,0),(785,49,'2012-11-15','19:04:00',107.974,31.53,0.951,16689.8,0),(786,49,'2012-11-15','19:05:00',99.753,29.407,0.942,16691.6,0),(787,49,'2012-11-15','19:06:00',101.811,29.146,0.97,16693.3,0),(788,49,'2012-11-15','19:07:00',105.58,30.122,0.974,16695.1,0),(789,49,'2012-11-15','19:08:00',106.933,31.195,0.952,16696.8,0),(790,49,'2012-11-15','19:09:00',97.792,28.575,0.951,16698.6,0),(791,49,'2012-11-15','19:10:00',105.489,30.069,0.975,16700.3,0),(792,49,'2012-11-15','19:11:00',98.191,28.882,0.944,16702.1,0),(793,49,'2012-11-15','19:12:00',112.075,32.224,0.966,16703.8,0),(794,49,'2012-11-15','19:13:00',115.237,33.721,0.949,16705.6,0),(795,49,'2012-11-15','19:14:00',112.802,32.528,0.963,16707.4,0),(796,49,'2012-11-15','19:15:00',108.212,31.039,0.968,16709.1,0),(797,49,'2012-11-15','19:16:00',104.875,30.925,0.942,16710.9,0),(798,49,'2012-11-15','19:17:00',111.69,32.326,0.96,16712.6,0),(799,49,'2012-11-15','19:18:00',109.47,32.177,0.945,16714.5,0),(800,49,'2012-11-15','19:19:00',114.865,33.391,0.956,16716.3,0),(801,49,'2012-11-15','19:20:00',100.083,28.897,0.962,16718.1,0),(802,49,'2012-11-15','19:21:00',109.909,31.568,0.967,16719.9,0),(803,49,'2012-11-15','19:22:00',102.71,30.003,0.951,16721.7,0),(804,49,'2012-11-15','19:23:00',120.91,34.813,0.965,16723.5,0),(805,49,'2012-11-15','19:24:00',115.406,33.129,0.968,16725.3,0),(806,49,'2012-11-15','19:25:00',104.936,30.716,0.949,16727.1,0),(807,49,'2012-11-15','19:26:00',109.279,32.047,0.947,16728.9,0),(808,49,'2012-11-15','19:27:00',106.964,30.633,0.97,16730.6,0),(809,49,'2012-11-15','19:28:00',103.852,30.375,0.95,16732.3,0),(810,49,'2012-11-15','19:29:00',103.132,29.577,0.969,16734,0),(811,49,'2012-11-15','19:30:00',107.917,31.65,0.947,16735.8,0),(812,49,'2012-11-15','19:31:00',97.189,27.986,0.965,16737.5,0),(813,49,'2012-11-15','19:32:00',102.321,29.71,0.957,16739.2,0),(814,49,'2012-11-15','19:33:00',95.929,27.951,0.953,16740.9,0),(815,49,'2012-11-15','19:34:00',101.715,29.524,0.957,16742.7,0),(816,49,'2012-11-15','19:35:00',102.489,29.618,0.961,16744.4,0),(817,49,'2012-11-15','19:36:00',110.135,31.919,0.958,16746.2,0),(818,49,'2012-11-15','19:37:00',106.06,30.325,0.972,16748,0),(819,49,'2012-11-15','19:38:00',110.034,32.271,0.947,16749.8,0),(820,49,'2012-11-15','19:39:00',106.117,30.549,0.965,16751.6,0),(821,49,'2012-11-15','19:40:00',102.966,30.064,0.951,16753.4,0),(822,49,'2012-11-15','19:41:00',112.963,32.533,0.965,16755.1,0),(823,49,'2012-11-15','19:42:00',104.927,30.384,0.959,16756.9,0),(824,49,'2012-11-15','19:43:00',106.144,30.333,0.972,16758.7,0),(825,49,'2012-11-15','19:44:00',103.265,30.252,0.948,16760.5,0),(826,49,'2012-11-15','19:45:00',103.875,30.511,0.946,16762.3,0),(827,49,'2012-11-15','19:46:00',102.484,29.769,0.956,16764.1,0),(828,49,'2012-11-15','19:47:00',101.598,29.481,0.957,16765.9,0),(829,49,'2012-11-15','19:48:00',121.411,34.748,0.969,16767.6,0),(830,49,'2012-11-15','19:49:00',102.439,29.689,0.958,16769.3,0),(831,49,'2012-11-15','19:50:00',102.817,29.391,0.972,16771,0),(832,49,'2012-11-15','19:51:00',102.82,29.56,0.966,16772.8,0),(833,49,'2012-11-15','19:52:00',106.704,30.852,0.961,16774.5,0),(834,49,'2012-11-15','19:53:00',95.411,27.742,0.954,16776.3,0),(835,49,'2012-11-15','19:54:00',106.682,30.368,0.976,16778,0),(836,49,'2012-11-15','19:55:00',94966.2,94967,0.985,16779,0),(837,49,'2012-11-15','19:56:00',94964.8,94966.6,0.99,16779,0),(838,49,'2012-11-15','19:57:00',94965.7,94966.9,1.004,16779,0),(839,49,'2012-11-15','19:58:00',94965.3,94966.7,0.991,16779,0),(840,49,'2012-11-15','19:59:00',94965.6,94966.8,0.971,16779,0),(841,50,'2012-11-15','20:00:00',94966.1,94966.9,0.979,16779,0),(842,50,'2012-11-15','20:01:00',94964.4,94966.5,0.969,16779,0),(843,50,'2012-11-15','20:02:00',89.496,25.408,0.978,16780.1,0),(844,50,'2012-11-15','20:03:00',92.662,26.814,0.96,16781.7,0),(845,50,'2012-11-15','20:04:00',91.415,26.327,0.965,16783.3,0),(846,50,'2012-11-15','20:05:00',97.214,27.962,0.966,16784.9,0),(847,50,'2012-11-15','20:06:00',97.815,28.025,0.97,16786.6,0),(848,50,'2012-11-15','20:07:00',101.929,28.859,0.964,16788.3,0),(849,50,'2012-11-15','20:08:00',107.799,31.013,0.966,16790,0),(850,50,'2012-11-15','20:09:00',98.713,28.974,0.946,16791.7,0),(851,50,'2012-11-15','20:10:00',106.485,30.325,0.975,16793.4,0),(852,50,'2012-11-15','20:11:00',102.394,29.916,0.951,16795.2,0),(853,50,'2012-11-15','20:12:00',113.057,32.336,0.971,16796.9,0),(854,50,'2012-11-15','20:13:00',99.71,28.887,0.959,16798.7,0),(855,50,'2012-11-15','20:14:00',101.259,29.919,0.94,16800.4,0),(856,50,'2012-11-15','20:15:00',106.565,30.531,0.97,16802.1,0),(857,50,'2012-11-15','20:16:00',106.912,31.081,0.956,16803.8,0),(858,50,'2012-11-15','20:17:00',97.647,28.604,0.948,16805.6,0),(859,50,'2012-11-15','20:18:00',104.671,29.944,0.971,16807.3,0),(860,50,'2012-11-15','20:19:00',108.29,31.824,0.945,16809,0),(861,50,'2012-11-15','20:20:00',107.137,30.853,0.965,16810.6,0),(862,50,'2012-11-15','20:21:00',108.768,31.563,0.957,16812.4,0),(863,50,'2012-11-15','20:22:00',94.429,27.445,0.956,16814,0),(864,50,'2012-11-15','20:23:00',102.941,29.966,0.954,16815.7,0),(865,50,'2012-11-15','20:24:00',104.187,29.919,0.967,16817.4,0),(866,50,'2012-11-15','20:25:00',103.198,30.296,0.946,16819.1,0),(867,50,'2012-11-15','20:26:00',100.765,29.293,0.956,16820.9,0),(868,50,'2012-11-15','20:27:00',108.533,31.311,0.963,16822.6,0),(869,50,'2012-11-15','20:28:00',105.962,30.783,0.956,16824.4,0),(870,50,'2012-11-15','20:29:00',130.237,38.378,0.943,16826.2,0),(871,50,'2012-11-15','20:30:00',107.877,31.326,0.957,16828,0),(872,50,'2012-11-15','20:31:00',102.041,29.497,0.961,16829.8,0),(873,50,'2012-11-15','20:32:00',109.037,31.312,0.967,16831.6,0),(874,50,'2012-11-15','20:33:00',108.161,31.153,0.964,16833.4,0),(875,50,'2012-11-15','20:34:00',112.233,32.886,0.948,16835.2,0),(876,50,'2012-11-15','20:35:00',109.815,31.842,0.958,16837,0),(877,50,'2012-11-15','20:36:00',104.688,30.612,0.95,16838.8,0),(878,50,'2012-11-15','20:37:00',102.46,29.802,0.955,16840.6,0),(879,50,'2012-11-15','20:38:00',111.213,32.294,0.957,16842.4,0),(880,50,'2012-11-15','20:39:00',108.741,31.125,0.97,16844.2,0),(881,50,'2012-11-15','20:40:00',106.67,30.978,0.956,16846,0),(882,50,'2012-11-15','20:41:00',97.037,27.857,0.968,16847.7,0),(883,50,'2012-11-15','20:42:00',110.125,32.239,0.949,16849.5,0),(884,50,'2012-11-15','20:43:00',102.611,29.772,0.957,16851.4,0),(885,50,'2012-11-15','20:44:00',111.532,32.362,0.957,16853.1,0),(886,50,'2012-11-15','20:45:00',106.343,30.757,0.96,16854.9,0),(887,50,'2012-11-15','20:46:00',105.614,30.575,0.96,16856.7,0),(888,50,'2012-11-15','20:47:00',111.924,32.695,0.951,16858.6,0),(889,50,'2012-11-15','20:48:00',119.28,34.485,0.961,16860.4,0),(890,50,'2012-11-15','20:49:00',102.644,29.797,0.957,16862.2,0),(891,50,'2012-11-15','20:50:00',107.607,31.01,0.964,16864,0),(892,50,'2012-11-15','20:51:00',108.363,31.381,0.959,16865.8,0),(893,50,'2012-11-15','20:52:00',93.422,26.814,0.968,16867.5,0),(894,50,'2012-11-15','20:53:00',99.363,28.461,0.97,16869.1,0),(895,50,'2012-11-15','20:54:00',82.757,23.773,0.967,16870.7,0),(896,50,'2012-11-15','20:55:00',103.173,29.902,0.958,16872.3,0),(897,50,'2012-11-15','20:56:00',107.017,30.774,0.966,16873.9,0),(898,50,'2012-11-15','20:57:00',109.696,31.716,0.961,16875.6,0),(899,50,'2012-11-15','20:58:00',103.267,30.166,0.951,16877.3,0),(900,50,'2012-11-15','20:59:00',103.841,29.578,0.975,16879.1,0),(901,56,'2012-11-15','21:00:00',109.263,32.012,0.948,16880.9,0),(902,56,'2012-11-15','21:01:00',97.505,29.197,0.964,16882.6,0),(903,56,'2012-11-15','21:02:00',99.138,28.792,0.956,16884.4,0),(904,56,'2012-11-15','21:03:00',61.683,17.669,0.97,16885.7,0),(905,56,'2012-11-15','21:04:00',48.655,13.89,0.973,16886.7,0),(906,56,'2012-11-15','21:05:00',67.257,19.154,0.975,16887.7,0),(907,56,'2012-11-15','21:06:00',57.746,16.63,0.965,16888.7,0),(908,56,'2012-11-15','21:07:00',72.088,21.125,0.948,16889.9,0),(909,56,'2012-11-15','21:08:00',32.987,9.613,0.953,16890.8,0),(910,56,'2012-11-15','21:09:00',35.086,10.164,0.959,16891.3,0),(911,56,'2012-11-15','21:10:00',94966.9,94967.2,0.973,16891.5,0),(912,56,'2012-11-15','21:11:00',0,94966,0,16891.5,0),(913,56,'2012-11-15','21:12:00',0,94966,0,16891.5,0),(914,56,'2012-11-15','21:13:00',0,94966.1,0,16891.5,0),(915,56,'2012-11-15','21:14:00',0,94966.2,0,16891.5,0),(916,56,'2012-11-15','21:15:00',0,94966.1,0,16891.5,0),(917,56,'2012-11-15','21:16:00',0,94966.1,0,16891.5,0),(918,56,'2012-11-15','21:17:00',0,94966.1,0,16891.5,0),(919,56,'2012-11-15','21:18:00',0,94966.2,0,16891.5,0),(920,56,'2012-11-15','21:19:00',0,94966.2,0,16891.5,0),(921,56,'2012-11-15','21:20:00',0,94966.1,0,16891.5,0),(922,56,'2012-11-15','21:21:00',0,94966.1,0,16891.5,0),(923,56,'2012-11-15','21:22:00',0,94966.1,0,16891.5,0),(924,56,'2012-11-15','21:23:00',0,94966.1,0,16891.5,0),(925,56,'2012-11-15','21:24:00',0,94966.1,0,16891.5,0),(926,56,'2012-11-15','21:25:00',0,94966.2,0,16891.5,0),(927,56,'2012-11-15','21:26:00',0,94966.1,0,16891.5,0),(928,56,'2012-11-15','21:27:00',0,94966.1,0,16891.5,0),(929,56,'2012-11-15','21:28:00',0,94966.1,0,16891.5,0),(930,56,'2012-11-15','21:29:00',0,94966.1,0,16891.5,0),(931,56,'2012-11-15','21:30:00',0,94966.1,0,16891.5,0),(932,56,'2012-11-15','21:31:00',0,94966.1,0,16891.5,0),(933,56,'2012-11-15','21:32:00',0,94966.2,0,16891.5,0),(934,56,'2012-11-15','21:33:00',0,94966.2,0,16891.5,0),(935,56,'2012-11-15','21:34:00',0,94966.2,0,16891.5,0),(936,56,'2012-11-15','21:35:00',0,94966.2,0,16891.5,0),(937,56,'2012-11-15','21:36:00',0,94966.1,0,16891.5,0),(938,56,'2012-11-15','21:37:00',0,94966.1,0,16891.5,0),(939,56,'2012-11-15','21:38:00',0,94966.1,0,16891.5,0),(940,56,'2012-11-15','21:39:00',66.287,18.882,0.975,16892.2,0),(941,56,'2012-11-15','21:40:00',81.278,23.355,0.967,16893.5,0),(942,56,'2012-11-15','21:41:00',86.601,25.283,0.951,16894.9,0),(943,56,'2012-11-15','21:42:00',88.866,25.408,0.972,16896.4,0),(944,56,'2012-11-15','21:43:00',98.001,28.144,0.967,16897.9,0),(945,56,'2012-11-15','21:44:00',97.584,28.093,0.965,16899.5,0),(946,56,'2012-11-15','21:45:00',98.355,28.029,0.975,16901.1,0),(947,56,'2012-11-15','21:46:00',94.756,27.246,0.966,16902.8,0),(948,56,'2012-11-15','21:47:00',107.66,31.072,0.962,16904.5,0),(949,56,'2012-11-15','21:48:00',103.762,30.145,0.956,16906.2,0),(950,56,'2012-11-15','21:49:00',101.448,29.556,0.953,16907.9,0),(951,56,'2012-11-15','21:50:00',101.171,29.514,0.953,16909.6,0),(952,56,'2012-11-15','21:51:00',104.385,29.899,0.97,16911.3,0),(953,56,'2012-11-15','21:52:00',99.547,29.63,0.933,16912.9,0),(954,56,'2012-11-15','21:53:00',100.751,29.256,0.957,16914.6,0),(955,56,'2012-11-15','21:54:00',103.013,29.919,0.956,16916.2,0),(956,56,'2012-11-15','21:55:00',101.715,29.257,0.966,16917.9,0),(957,56,'2012-11-15','21:56:00',103.665,29.832,0.965,16919.6,0),(958,56,'2012-11-15','21:57:00',105.644,29.987,0.979,16921.3,0),(959,56,'2012-11-15','21:58:00',106.426,30.83,0.959,16923,0),(960,56,'2012-11-15','21:59:00',104.235,30.279,0.956,16924.8,0),(961,57,'2012-11-15','22:00:00',106.842,30.904,0.955,16926.7,0),(962,57,'2012-11-15','22:01:00',94.819,28.374,0.928,16928.5,0),(963,57,'2012-11-15','22:02:00',109.34,31.736,0.957,16930.3,0),(964,57,'2012-11-15','22:03:00',104.829,30.232,0.963,16932.1,0),(965,57,'2012-11-15','22:04:00',102.781,29.969,0.953,16933.9,0),(966,57,'2012-11-15','22:05:00',118.572,33.994,0.969,16935.6,0),(967,57,'2012-11-15','22:06:00',98.803,28.599,0.96,16937.4,0),(968,57,'2012-11-15','22:07:00',100.375,29.479,0.946,16939.2,0),(969,57,'2012-11-15','22:08:00',98.354,28.302,0.965,16940.9,0),(970,57,'2012-11-15','22:09:00',104.313,29.993,0.966,16942.6,0),(971,57,'2012-11-15','22:10:00',100.448,28.846,0.967,16944.4,0),(972,57,'2012-11-15','22:11:00',103.832,30.057,0.96,16946.1,0),(973,57,'2012-11-15','22:12:00',97.948,28.597,0.951,16947.9,0),(974,57,'2012-11-15','22:13:00',113.195,32.549,0.966,16949.7,0),(975,57,'2012-11-15','22:14:00',103.249,29.316,0.978,16951.5,0),(976,57,'2012-11-15','22:15:00',107.437,31.276,0.954,16953.3,0),(977,57,'2012-11-15','22:16:00',107.098,31.016,0.959,16955,0),(978,57,'2012-11-15','22:17:00',101.821,29.416,0.961,16956.7,0),(979,57,'2012-11-15','22:18:00',106.524,30.55,0.969,16958.4,0),(980,57,'2012-11-15','22:19:00',98.24,28.04,0.973,16960.1,0),(981,57,'2012-11-15','22:20:00',94.676,27.457,0.958,16961.8,0),(982,57,'2012-11-15','22:21:00',101.497,29.457,0.957,16963.5,0),(983,57,'2012-11-15','22:22:00',108.322,30.899,0.974,16965.2,0),(984,57,'2012-11-15','22:23:00',115.042,32.846,0.973,16966.9,0),(985,57,'2012-11-15','22:24:00',100.544,29.075,0.961,16968.6,0),(986,57,'2012-11-15','22:25:00',106.037,30.869,0.954,16970.3,0),(987,57,'2012-11-15','22:26:00',108.869,30.942,0.977,16972.1,0),(988,57,'2012-11-15','22:27:00',94.496,27.408,0.958,16973.8,0),(989,57,'2012-11-15','22:28:00',100.733,29.502,0.948,16975.5,0),(990,57,'2012-11-15','22:29:00',100.578,28.69,0.968,16977.2,0),(991,57,'2012-11-15','22:30:00',100.773,29.003,0.965,16978.9,0),(992,57,'2012-11-15','22:31:00',102.697,30.067,0.949,16980.6,0),(993,57,'2012-11-15','22:32:00',100.084,28.704,0.969,16982.3,0),(994,57,'2012-11-15','22:33:00',100.688,29.134,0.96,16983.9,0),(995,57,'2012-11-15','22:34:00',97.663,29.006,0.935,16985.6,0),(996,57,'2012-11-15','22:35:00',96.159,28.24,0.946,16987.3,0),(997,57,'2012-11-15','22:36:00',99.347,29.054,0.95,16989,0),(998,57,'2012-11-15','22:37:00',105.844,30.701,0.958,16990.6,0),(999,57,'2012-11-15','22:38:00',94.017,27.592,0.946,16992.3,0),(1000,57,'2012-11-15','22:39:00',103.642,29.61,0.972,16994,0),(1001,57,'2012-11-15','22:40:00',103.107,29.64,0.966,16995.7,0),(1002,57,'2012-11-15','22:41:00',109.403,31.024,0.98,16997.5,0),(1003,57,'2012-11-15','22:42:00',103.022,29.24,0.979,16999.3,0),(1004,57,'2012-11-15','22:43:00',110.84,32.065,0.96,17001.1,0),(1005,57,'2012-11-15','22:44:00',109.721,31.794,0.959,17002.9,0);
/*!40000 ALTER TABLE `datos_humeda` ENABLE KEYS */;
UNLOCK TABLES;

--
-- Table structure for table `datos_prima`
--

DROP TABLE IF EXISTS `datos_prima`;
/*!40101 SET @saved_cs_client     = @@character_set_client */;
/*!40101 SET character_set_client = utf8 */;
CREATE TABLE `datos_prima` (
  `id` bigint(20) NOT NULL AUTO_INCREMENT,
  `id_carga` bigint(20) NOT NULL,
  `date` date NOT NULL,
  `time` time NOT NULL,
  `flujo` float NOT NULL,
  `carga` float NOT NULL,
  `velocidad` float NOT NULL,
  `total1` float NOT NULL,
  `total2` float NOT NULL,
  PRIMARY KEY (`id`),
  KEY `datos_humeda_fk_1` (`id_carga`),
  CONSTRAINT `datos_prima_ibfk_1` FOREIGN KEY (`id_carga`) REFERENCES `cargas` (`id`) ON DELETE CASCADE ON UPDATE CASCADE
) ENGINE=InnoDB AUTO_INCREMENT=950 DEFAULT CHARSET=utf8 COLLATE=utf8_spanish_ci COMMENT='Datos arena humeda';
/*!40101 SET character_set_client = @saved_cs_client */;

--
-- Dumping data for table `datos_prima`
--

LOCK TABLES `datos_prima` WRITE;
/*!40000 ALTER TABLE `datos_prima` DISABLE KEYS */;
INSERT INTO `datos_prima` VALUES (121,37,'2012-11-15','10:00:00',237.639,78.869,0.837,36983.3,0),(122,37,'2012-11-15','10:01:00',252.144,80.71,0.868,36987.4,0),(123,37,'2012-11-15','10:02:00',254.385,82.354,0.858,36991.6,0),(124,37,'2012-11-15','10:03:00',245.754,81.453,0.838,36995.7,0),(125,37,'2012-11-15','10:04:00',246.104,79.871,0.856,36999.8,0),(126,37,'2012-11-15','10:05:00',247.592,80.914,0.85,37003.9,0),(127,37,'2012-11-15','10:06:00',243.533,78.42,0.863,37008.1,0),(128,37,'2012-11-15','10:07:00',238.299,77.995,0.849,37012.2,0),(129,37,'2012-11-15','10:08:00',243.669,79.365,0.853,37016.2,0),(130,37,'2012-11-15','10:09:00',246.344,81.207,0.843,37020.4,0),(131,37,'2012-11-15','10:10:00',234.266,77.384,0.841,37024.5,0),(132,37,'2012-11-15','10:11:00',242.423,79.765,0.844,37028.6,0),(133,37,'2012-11-15','10:12:00',241.536,79.733,0.841,37032.7,0),(134,37,'2012-11-15','10:13:00',241.815,78.662,0.854,37036.8,0),(135,37,'2012-11-15','10:14:00',38.717,12.51,0.86,37038.9,0),(136,37,'2012-11-15','10:15:00',231.851,76.17,0.846,37041,0),(137,37,'2012-11-15','10:16:00',235.55,77.049,0.849,37045,0),(138,37,'2012-11-15','10:17:00',242.589,78.872,0.854,37049,0),(139,37,'2012-11-15','10:18:00',230.338,76.913,0.832,37052.9,0),(140,37,'2012-11-15','10:19:00',230.669,76.677,0.836,37056.9,0),(141,37,'2012-11-15','10:20:00',236.53,76.06,0.864,37060.8,0),(142,37,'2012-11-15','10:21:00',245.754,79.86,0.855,37064.8,0),(143,37,'2012-11-15','10:22:00',238.534,77.052,0.86,37068.8,0),(144,37,'2012-11-15','10:23:00',228.051,75.943,0.834,37072.8,0),(145,37,'2012-11-15','10:24:00',3.965,1.26,0.874,37074.9,0),(146,37,'2012-11-15','10:25:00',0,94963.2,0,37074.9,0),(147,37,'2012-11-15','10:26:00',0,94962.9,0,37074.9,0),(148,37,'2012-11-15','10:27:00',243.092,79.505,0.849,37076.2,0),(149,37,'2012-11-15','10:28:00',231.839,76.285,0.844,37080.3,0),(150,37,'2012-11-15','10:29:00',236.326,77.201,0.85,37081.9,0),(151,37,'2012-11-15','10:30:00',246.608,80.861,0.847,37085.7,0),(152,37,'2012-11-15','10:31:00',22.462,7.279,0.857,37089.5,0),(153,37,'2012-11-15','10:32:00',236.137,75.414,0.87,37090.6,0),(154,37,'2012-11-15','10:33:00',254.849,83.04,0.852,37093.8,0),(155,37,'2012-11-15','10:34:00',252.601,82.885,0.847,37097.8,0),(156,37,'2012-11-15','10:35:00',241.549,79.683,0.842,37102.2,0),(157,37,'2012-11-15','10:36:00',297.338,95.376,0.866,37106.3,0),(158,37,'2012-11-15','10:37:00',245.814,81.394,0.839,37110.4,0),(159,37,'2012-11-15','10:38:00',259.735,85.794,0.841,37114.6,0),(160,37,'2012-11-15','10:39:00',250.897,84.075,0.829,37119,0),(161,37,'2012-11-15','10:40:00',250.893,82.728,0.842,37123.2,0),(162,37,'2012-11-15','10:41:00',289.825,92.605,0.869,37127.4,0),(163,37,'2012-11-15','10:42:00',259.153,86.133,0.836,37131.8,0),(164,37,'2012-11-15','10:43:00',258.381,83.456,0.86,37136,0),(165,37,'2012-11-15','10:44:00',250.301,82.311,0.845,37140.2,0),(166,37,'2012-11-15','10:45:00',244.54,80.297,0.846,37144.3,0),(167,37,'2012-11-15','10:46:00',237.714,78.488,0.841,37148.5,0),(168,37,'2012-11-15','10:47:00',247.845,79.935,0.861,37152.5,0),(169,37,'2012-11-15','10:48:00',235.956,78.491,0.835,37156.6,0),(170,37,'2012-11-15','10:49:00',238.358,77.31,0.856,37160.8,0),(171,37,'2012-11-15','10:50:00',239.664,79.126,0.841,37164.9,0),(172,37,'2012-11-15','10:51:00',266.983,89.523,0.828,37169,0),(173,37,'2012-11-15','10:52:00',241.146,79.577,0.842,37173.2,0),(174,37,'2012-11-15','10:53:00',248.408,80.589,0.856,37177.4,0),(175,37,'2012-11-15','10:54:00',242.989,80.831,0.835,37181.6,0),(176,37,'2012-11-15','10:55:00',240.918,80.44,0.832,37185.7,0),(177,37,'2012-11-15','10:56:00',261.965,85.232,0.854,37190,0),(178,37,'2012-11-15','10:57:00',238.204,78.742,0.84,37194.2,0),(179,37,'2012-11-15','10:58:00',250.598,82.906,0.84,37198.4,0),(180,37,'2012-11-15','10:59:00',251.436,82.786,0.844,37202.6,0),(181,38,'2012-11-15','11:00:00',260.986,84.973,0.853,37206.8,0),(182,38,'2012-11-15','11:01:00',254.925,85.037,0.833,37211,0),(183,38,'2012-11-15','11:02:00',255.561,84.689,0.838,37215.1,0),(184,38,'2012-11-15','11:03:00',238.248,78.745,0.84,37219.3,0),(185,38,'2012-11-15','11:04:00',256.567,83.488,0.854,37223.6,0),(186,38,'2012-11-15','11:05:00',249.422,79.699,0.869,37227.8,0),(187,38,'2012-11-15','11:06:00',236.567,78.918,0.833,37231.9,0),(188,38,'2012-11-15','11:07:00',244.32,79.643,0.852,37236,0),(189,38,'2012-11-15','11:08:00',236.635,76.958,0.854,37240.1,0),(190,38,'2012-11-15','11:09:00',273.296,87.204,0.871,37244.3,0),(191,38,'2012-11-15','11:10:00',239.623,78.189,0.851,37248.2,0),(192,38,'2012-11-15','11:11:00',242.484,76.806,0.877,37252.3,0),(193,38,'2012-11-15','11:12:00',243.185,79.806,0.846,37256.4,0),(194,38,'2012-11-15','11:13:00',243.857,80.254,0.844,37260.7,0),(195,38,'2012-11-15','11:14:00',248.103,80.957,0.851,37264.7,0),(196,38,'2012-11-15','11:15:00',255.006,83.732,0.846,37269.1,0),(197,38,'2012-11-15','11:16:00',240.254,80.149,0.833,37273.2,0),(198,38,'2012-11-15','11:17:00',254.124,80.203,0.88,37277.4,0),(199,38,'2012-11-15','11:18:00',295.133,96.406,0.85,37281.6,0),(200,38,'2012-11-15','11:19:00',249.719,81.35,0.853,37285.7,0),(201,38,'2012-11-15','11:20:00',294.261,95.356,0.857,37289.8,0),(202,38,'2012-11-15','11:21:00',236.942,77.227,0.852,37293.8,0),(203,38,'2012-11-15','11:22:00',242.97,77.651,0.869,37297.7,0),(204,38,'2012-11-15','11:23:00',241.123,79.348,0.844,37301.7,0),(205,38,'2012-11-15','11:24:00',255.092,82.719,0.857,37305.3,0),(206,38,'2012-11-15','11:25:00',243.173,80.66,0.837,37309.5,0),(207,38,'2012-11-15','11:26:00',245.619,79.489,0.858,37313.6,0),(208,38,'2012-11-15','11:27:00',233.405,78.967,0.821,37317.7,0),(209,38,'2012-11-15','11:28:00',237.377,78.489,0.84,37321.3,0),(210,38,'2012-11-15','11:29:00',231.557,78.215,0.822,37325.3,0),(211,38,'2012-11-15','11:30:00',246.604,81.824,0.837,37329.3,0),(212,38,'2012-11-15','11:31:00',244.61,77.906,0.872,37333.3,0),(213,38,'2012-11-15','11:32:00',233.99,77.356,0.84,37337.3,0),(214,38,'2012-11-15','11:33:00',232.007,77.461,0.832,37341.2,0),(215,38,'2012-11-15','11:34:00',234.193,77.803,0.836,37345.2,0),(216,38,'2012-11-15','11:35:00',44.987,14.876,0.84,37348.6,0),(217,38,'2012-11-15','11:36:00',1.684,0.561,0.833,37351.1,0),(218,38,'2012-11-15','11:37:00',0,94963,0,37351.1,0),(219,38,'2012-11-15','11:38:00',0,94962.6,0,37351.1,0),(220,38,'2012-11-15','11:39:00',0,94962.4,0,37351.1,0),(221,38,'2012-11-15','11:40:00',252.568,81.261,0.863,37353.9,0),(222,38,'2012-11-15','11:41:00',242.168,79.475,0.846,37358.1,0),(223,38,'2012-11-15','11:42:00',249.158,82.111,0.843,37362.2,0),(224,38,'2012-11-15','11:43:00',243.407,79.232,0.853,37366.2,0),(225,38,'2012-11-15','11:44:00',251.132,79.215,0.881,37370.3,0),(226,38,'2012-11-15','11:45:00',257.245,82.669,0.864,37374.4,0),(227,38,'2012-11-15','11:46:00',248.371,81.344,0.848,37378.5,0),(228,38,'2012-11-15','11:47:00',240.779,78.972,0.847,37382.6,0),(229,38,'2012-11-15','11:48:00',244.432,79.941,0.849,37386.7,0),(230,38,'2012-11-15','11:49:00',237.454,78.42,0.841,37390.9,0),(231,38,'2012-11-15','11:50:00',237.601,78.124,0.845,37394.8,0),(232,38,'2012-11-15','11:51:00',238.962,79.695,0.833,37398.8,0),(233,38,'2012-11-15','11:52:00',238.841,78.329,0.847,37402.9,0),(234,38,'2012-11-15','11:53:00',231.596,77.682,0.828,37407.2,0),(235,38,'2012-11-15','11:54:00',249.93,79.896,0.869,37411.1,0),(236,38,'2012-11-15','11:55:00',264.55,86.336,0.851,37415.4,0),(237,38,'2012-11-15','11:56:00',236.508,77.114,0.852,37419.4,0),(238,38,'2012-11-15','11:57:00',227.642,75.69,0.835,37423.5,0),(239,38,'2012-11-15','11:58:00',279.471,91.221,0.851,37427.5,0),(240,38,'2012-11-15','11:59:00',245.794,79.132,0.863,37431.6,0),(241,39,'2012-11-15','12:00:00',289.076,96.384,0.833,37435.7,0),(242,39,'2012-11-15','12:01:00',236.235,79.48,0.826,37439.8,0),(243,39,'2012-11-15','12:02:00',249.437,81.826,0.847,37444,0),(244,39,'2012-11-15','12:03:00',279.132,92.53,0.838,37448.4,0),(245,39,'2012-11-15','12:04:00',259.321,83.505,0.863,37452.8,0),(246,39,'2012-11-15','12:05:00',257.961,84.142,0.852,37457.1,0),(247,39,'2012-11-15','12:06:00',254.559,84.241,0.839,37461.5,0),(248,39,'2012-11-15','12:07:00',272.03,92.75,0.815,37465.8,0),(249,39,'2012-11-15','12:08:00',243.484,81.148,0.833,37469.9,0),(250,39,'2012-11-15','12:09:00',227.538,74.797,0.845,37474.1,0),(251,39,'2012-11-15','12:10:00',255.28,82.528,0.859,37478.3,0),(252,39,'2012-11-15','12:11:00',234.034,77.802,0.836,37482.5,0),(253,39,'2012-11-15','12:12:00',264.784,84.846,0.867,37486.7,0),(254,39,'2012-11-15','12:13:00',251.125,80.716,0.864,37491,0),(255,39,'2012-11-15','12:14:00',246.634,81.468,0.841,37495.2,0),(256,39,'2012-11-15','12:15:00',256.833,83.063,0.859,37499.4,0),(257,39,'2012-11-15','12:16:00',255.629,83.835,0.847,37503.7,0),(258,39,'2012-11-15','12:17:00',245.798,81.971,0.833,37507.9,0),(259,39,'2012-11-15','12:18:00',268.318,88.703,0.84,37512.1,0),(260,39,'2012-11-15','12:19:00',245.193,79.741,0.854,37516.3,0),(261,39,'2012-11-15','12:20:00',245.606,79.385,0.859,37520.5,0),(262,39,'2012-11-15','12:21:00',236.038,78.048,0.84,37524.7,0),(263,39,'2012-11-15','12:22:00',250.484,80.832,0.861,37528.9,0),(264,39,'2012-11-15','12:23:00',241.026,78.609,0.852,37533,0),(265,39,'2012-11-15','12:24:00',251.334,80.905,0.863,37537.2,0),(266,39,'2012-11-15','12:25:00',310.864,101.116,0.854,37541.3,0),(267,39,'2012-11-15','12:26:00',244.053,80.569,0.841,37545.4,0),(268,39,'2012-11-15','12:27:00',264.341,87.131,0.843,37549.9,0),(269,39,'2012-11-15','12:28:00',266.452,87.397,0.847,37554.3,0),(270,39,'2012-11-15','12:29:00',280.245,93.871,0.829,37558.8,0),(271,39,'2012-11-15','12:30:00',249.193,83.238,0.832,37562.9,0),(272,39,'2012-11-15','12:31:00',260.67,83.451,0.868,37567.2,0),(273,39,'2012-11-15','12:32:00',258.848,85.901,0.837,37571.5,0),(274,39,'2012-11-15','12:33:00',269.934,88.528,0.847,37576,0),(275,39,'2012-11-15','12:34:00',247.27,80.057,0.858,37580.1,0),(276,39,'2012-11-15','12:35:00',247.089,82.037,0.837,37584.6,0),(277,39,'2012-11-15','12:36:00',248.759,82.423,0.838,37588.8,0),(278,39,'2012-11-15','12:37:00',264.822,85.042,0.865,37593.1,0),(279,39,'2012-11-15','12:38:00',246.934,81.211,0.845,37597.4,0),(280,39,'2012-11-15','12:39:00',258.626,83.637,0.859,37601.6,0),(281,39,'2012-11-15','12:40:00',252.657,83.057,0.845,37605.9,0),(282,39,'2012-11-15','12:41:00',249.32,83.642,0.828,37610.1,0),(283,39,'2012-11-15','12:42:00',256.706,84.658,0.842,37614.4,0),(284,39,'2012-11-15','12:43:00',250.554,83.649,0.832,37618.6,0),(285,39,'2012-11-15','12:44:00',258.471,85.268,0.842,37622.8,0),(286,39,'2012-11-15','12:45:00',252.752,81.736,0.859,37627,0),(287,39,'2012-11-15','12:46:00',242.635,81.427,0.828,37631.2,0),(288,39,'2012-11-15','12:47:00',250.075,83.506,0.832,37635.4,0),(289,39,'2012-11-15','12:48:00',259.99,84.237,0.857,37639.6,0),(290,39,'2012-11-15','12:49:00',245.899,80.723,0.846,37643.8,0),(291,39,'2012-11-15','12:50:00',240.405,79.768,0.837,37648,0),(292,39,'2012-11-15','12:51:00',252.211,83.802,0.836,37652.2,0),(293,39,'2012-11-15','12:52:00',261.252,85.029,0.853,37656.5,0),(294,39,'2012-11-15','12:53:00',245.711,81.07,0.842,37660.8,0),(295,39,'2012-11-15','12:54:00',275.76,89.933,0.852,37665,0),(296,39,'2012-11-15','12:55:00',249.41,82.588,0.839,37669.2,0),(297,39,'2012-11-15','12:56:00',242.887,82.044,0.822,37673.5,0),(298,39,'2012-11-15','12:57:00',268.02,86.02,0.865,37677.7,0),(299,39,'2012-11-15','12:58:00',246.457,79.93,0.857,37682,0),(300,39,'2012-11-15','12:59:00',244.384,81.672,0.831,37686.2,0),(301,40,'2012-11-15','14:00:00',273.112,90.534,0.838,37938.2,0),(302,40,'2012-11-15','14:01:00',244.234,81.241,0.835,37942.4,0),(303,40,'2012-11-15','14:02:00',241.62,80.057,0.838,37946.6,0),(304,40,'2012-11-15','14:03:00',245.996,80.04,0.854,37950.8,0),(305,40,'2012-11-15','14:04:00',251.531,83.245,0.839,37955.1,0),(306,40,'2012-11-15','14:05:00',242.615,79.627,0.846,37959.3,0),(307,40,'2012-11-15','14:06:00',255.759,83.284,0.853,37963.5,0),(308,40,'2012-11-15','14:07:00',260.783,86.043,0.842,37967.8,0),(309,40,'2012-11-15','14:08:00',257.465,84.478,0.847,37972.2,0),(310,40,'2012-11-15','14:09:00',256.796,86.127,0.828,37976.6,0),(311,40,'2012-11-15','14:10:00',266.507,86.788,0.853,37981.1,0),(312,40,'2012-11-15','14:11:00',261.269,85.855,0.845,37985.5,0),(313,40,'2012-11-15','14:12:00',266.469,84.424,0.877,37989.8,0),(314,40,'2012-11-15','14:13:00',266.231,86.437,0.856,37994.1,0),(315,40,'2012-11-15','14:14:00',254.701,83.676,0.846,37998.6,0),(316,40,'2012-11-15','14:15:00',266.548,84.675,0.874,38002.9,0),(317,40,'2012-11-15','14:16:00',259.373,83.423,0.864,38007.2,0),(318,40,'2012-11-15','14:17:00',268.414,88.964,0.838,38011.7,0),(319,40,'2012-11-15','14:18:00',260.742,84.165,0.861,38016.1,0),(320,40,'2012-11-15','14:19:00',253.107,83.539,0.842,38020.4,0),(321,40,'2012-11-15','14:20:00',266.13,86.063,0.859,38024.7,0),(322,40,'2012-11-15','14:21:00',255.401,85.185,0.833,38029,0),(323,40,'2012-11-15','14:22:00',251.394,83.067,0.841,38033.3,0),(324,40,'2012-11-15','14:23:00',258.635,85.937,0.836,38037.6,0),(325,40,'2012-11-15','14:24:00',259.271,85.068,0.847,38041.9,0),(326,40,'2012-11-15','14:25:00',253.148,85.086,0.826,38046.3,0),(327,40,'2012-11-15','14:26:00',260.456,85.614,0.845,38050.6,0),(328,40,'2012-11-15','14:27:00',252.698,84.106,0.835,38054.9,0),(329,40,'2012-11-15','14:28:00',257.847,83.574,0.857,38059.1,0),(330,40,'2012-11-15','14:29:00',244.993,80.381,0.847,38063.4,0),(331,40,'2012-11-15','14:30:00',265.42,84.192,0.876,38067.6,0),(332,40,'2012-11-15','14:31:00',244.421,81.123,0.837,38071.9,0),(333,40,'2012-11-15','14:32:00',238.044,78.483,0.843,38076.1,0),(334,40,'2012-11-15','14:33:00',253.199,82.747,0.85,38080.4,0),(335,40,'2012-11-15','14:34:00',240.155,79.015,0.844,38084.4,0),(336,40,'2012-11-15','14:35:00',253.103,83.852,0.838,38088.8,0),(337,40,'2012-11-15','14:36:00',240.593,79.92,0.836,38092.9,0),(338,40,'2012-11-15','14:37:00',242.175,80.286,0.838,38097.1,0),(339,40,'2012-11-15','14:38:00',251.888,84.453,0.828,38101.4,0),(340,40,'2012-11-15','14:39:00',263.304,86.925,0.841,38105.6,0),(341,40,'2012-11-15','14:40:00',264.625,88.318,0.832,38109.9,0),(342,40,'2012-11-15','14:41:00',259.843,84.028,0.859,38114.2,0),(343,40,'2012-11-15','14:42:00',259.129,82.937,0.868,38118.5,0),(344,40,'2012-11-15','14:43:00',261.721,86.751,0.838,38122.9,0),(345,40,'2012-11-15','14:44:00',282.882,93.65,0.839,38127.2,0),(346,40,'2012-11-15','14:45:00',263.381,87.3,0.838,38131.7,0),(347,40,'2012-11-15','14:46:00',253.084,82.503,0.852,38136,0),(348,40,'2012-11-15','14:47:00',259.912,85.078,0.849,38140.4,0),(349,40,'2012-11-15','14:48:00',248.216,81.863,0.842,38144.8,0),(350,40,'2012-11-15','14:49:00',253.587,84.696,0.832,38149.1,0),(351,40,'2012-11-15','14:50:00',255.765,83.452,0.851,38153.4,0),(352,40,'2012-11-15','14:51:00',253.178,84.625,0.831,38157.8,0),(353,40,'2012-11-15','14:52:00',269.582,87.135,0.859,38162.1,0),(354,40,'2012-11-15','14:53:00',257.677,84.598,0.846,38166.3,0),(355,40,'2012-11-15','14:54:00',247.21,81.546,0.842,38170.6,0),(356,40,'2012-11-15','14:55:00',235.558,77.632,0.843,38174.8,0),(357,40,'2012-11-15','14:56:00',271.246,88.872,0.848,38178.9,0),(358,40,'2012-11-15','14:57:00',234.194,78.31,0.831,38183.1,0),(359,40,'2012-11-15','14:58:00',254.572,84.428,0.838,38187.3,0),(360,40,'2012-11-15','14:59:00',260.347,86.683,0.834,38191.5,0),(361,41,'2012-11-15','13:00:00',245.514,80.701,0.845,37690.4,0),(362,41,'2012-11-15','13:01:00',250.554,82.338,0.845,37694.6,0),(363,41,'2012-11-15','13:02:00',248.843,80.665,0.857,37698.9,0),(364,41,'2012-11-15','13:03:00',247.094,81.563,0.842,37703.1,0),(365,41,'2012-11-15','13:04:00',242.164,81.941,0.821,37707.3,0),(366,41,'2012-11-15','13:05:00',264.197,85.449,0.859,37711.5,0),(367,41,'2012-11-15','13:06:00',246.451,80.827,0.847,37715.8,0),(368,41,'2012-11-15','13:07:00',253.714,81.972,0.86,37720,0),(369,41,'2012-11-15','13:08:00',251.176,83.081,0.84,37724.3,0),(370,41,'2012-11-15','13:09:00',266.964,85.561,0.867,37728.6,0),(371,41,'2012-11-15','13:10:00',270.876,87.342,0.861,37732.6,0),(372,41,'2012-11-15','13:11:00',239.576,79.683,0.835,37736.9,0),(373,41,'2012-11-15','13:12:00',241.679,79.353,0.846,37741.2,0),(374,41,'2012-11-15','13:13:00',246.721,79.97,0.857,37745.6,0),(375,41,'2012-11-15','13:14:00',2.302,0.747,0.856,37748.6,0),(376,41,'2012-11-15','13:15:00',242.965,78.575,0.859,37751.2,0),(377,41,'2012-11-15','13:16:00',230.145,74.649,0.856,37755.1,0),(378,41,'2012-11-15','13:17:00',234.291,75.736,0.859,37759,0),(379,41,'2012-11-15','13:18:00',225.778,75.537,0.83,37763,0),(380,41,'2012-11-15','13:19:00',250.06,80.128,0.867,37767,0),(381,41,'2012-11-15','13:20:00',240.817,79.177,0.845,37771,0),(382,41,'2012-11-15','13:21:00',250.106,83.157,0.835,37774.7,0),(383,41,'2012-11-15','13:22:00',241.571,79.909,0.84,37778.9,0),(384,41,'2012-11-15','13:23:00',244.944,81.502,0.835,37783.1,0),(385,41,'2012-11-15','13:24:00',245.151,80.267,0.848,37787.3,0),(386,41,'2012-11-15','13:25:00',237.888,79.373,0.833,37791.5,0),(387,41,'2012-11-15','13:26:00',256.696,84.517,0.844,37795.7,0),(388,41,'2012-11-15','13:27:00',260.067,84.019,0.86,37799.9,0),(389,41,'2012-11-15','13:28:00',265.02,88.135,0.835,37804.2,0),(390,41,'2012-11-15','13:29:00',246.779,81.748,0.839,37808.5,0),(391,41,'2012-11-15','13:30:00',246.788,81.18,0.844,37812.7,0),(392,41,'2012-11-15','13:31:00',268.513,88.082,0.847,37816.9,0),(393,41,'2012-11-15','13:32:00',248.1,82.644,0.834,37821.2,0),(394,41,'2012-11-15','13:33:00',255.712,84.297,0.843,37825.4,0),(395,41,'2012-11-15','13:34:00',259.073,84.128,0.855,37829.6,0),(396,41,'2012-11-15','13:35:00',270.829,88.753,0.848,37833.8,0),(397,41,'2012-11-15','13:36:00',250.316,83.967,0.828,37838,0),(398,41,'2012-11-15','13:37:00',269.549,88.437,0.847,37842.2,0),(399,41,'2012-11-15','13:38:00',251.823,83.756,0.835,37846.4,0),(400,41,'2012-11-15','13:39:00',248.368,81.509,0.846,37850.6,0),(401,41,'2012-11-15','13:40:00',241.153,78.917,0.849,37854.7,0),(402,41,'2012-11-15','13:41:00',255.219,81.87,0.866,37858.9,0),(403,41,'2012-11-15','13:42:00',237.243,80.38,0.82,37863.1,0),(404,41,'2012-11-15','13:43:00',243.756,80.675,0.839,37867.3,0),(405,41,'2012-11-15','13:44:00',240.879,78.485,0.853,37871.4,0),(406,41,'2012-11-15','13:45:00',244.509,79.029,0.859,37875.6,0),(407,41,'2012-11-15','13:46:00',247.165,82.296,0.834,37879.8,0),(408,41,'2012-11-15','13:47:00',236.136,79.009,0.83,37884,0),(409,41,'2012-11-15','13:48:00',253.072,80.356,0.875,37888.1,0),(410,41,'2012-11-15','13:49:00',244.193,80.505,0.843,37892.3,0),(411,41,'2012-11-15','13:50:00',290.78,94.01,0.859,37896.3,0),(412,41,'2012-11-15','13:51:00',247.257,82.021,0.837,37900.4,0),(413,41,'2012-11-15','13:52:00',241.712,79.311,0.847,37904.7,0),(414,41,'2012-11-15','13:53:00',268.081,88.894,0.838,37909.1,0),(415,41,'2012-11-15','13:54:00',246.865,81.148,0.845,37913,0),(416,41,'2012-11-15','13:55:00',256.44,82.18,0.867,37917.4,0),(417,41,'2012-11-15','13:56:00',240.368,78.281,0.853,37921.6,0),(418,41,'2012-11-15','13:57:00',258.016,82.609,0.868,37925.7,0),(419,41,'2012-11-15','13:58:00',251.351,82.357,0.848,37929.9,0),(420,41,'2012-11-15','13:59:00',240.185,79.106,0.843,37934.1,0),(421,42,'2012-11-15','15:00:00',231.705,77.445,0.831,38195.6,0),(422,42,'2012-11-15','15:01:00',253.16,82.35,0.854,38199.8,0),(423,42,'2012-11-15','15:02:00',255.764,83.103,0.855,38204,0),(424,42,'2012-11-15','15:03:00',241.828,80.582,0.834,38208.2,0),(425,42,'2012-11-15','15:04:00',248.755,82.489,0.838,38212.3,0),(426,42,'2012-11-15','15:05:00',248.745,81.775,0.845,38216.5,0),(427,42,'2012-11-15','15:06:00',246.929,82.378,0.833,38220.8,0),(428,42,'2012-11-15','15:07:00',250.4,80.768,0.861,38224.9,0),(429,42,'2012-11-15','15:08:00',248.601,82.483,0.837,38229.1,0),(430,42,'2012-11-15','15:09:00',268.091,86.976,0.856,38233.3,0),(431,42,'2012-11-15','15:10:00',244.028,78.681,0.862,38237.3,0),(432,42,'2012-11-15','15:11:00',241.609,78.819,0.851,38241.4,0),(433,42,'2012-11-15','15:12:00',253.392,82.704,0.851,38245.6,0),(434,42,'2012-11-15','15:13:00',256.412,82.764,0.861,38250.1,0),(435,42,'2012-11-15','15:14:00',266.226,86.854,0.851,38254.2,0),(436,42,'2012-11-15','15:15:00',246.239,81.201,0.842,38258.7,0),(437,42,'2012-11-15','15:16:00',242.445,79.348,0.849,38262.9,0),(438,42,'2012-11-15','15:17:00',261.9,85.905,0.847,38266.6,0),(439,42,'2012-11-15','15:18:00',94.691,31.381,0.838,38270.8,0),(440,42,'2012-11-15','15:19:00',254.718,85.571,0.827,38274.5,0),(441,42,'2012-11-15','15:20:00',259.676,84.923,0.849,38278.9,0),(442,42,'2012-11-15','15:21:00',258.126,85.847,0.835,38283.2,0),(443,42,'2012-11-15','15:22:00',257.571,82.863,0.863,38287.5,0),(444,42,'2012-11-15','15:23:00',243.372,79.928,0.846,38291.7,0),(445,42,'2012-11-15','15:24:00',251.318,82.299,0.848,38295.9,0),(446,42,'2012-11-15','15:25:00',241.923,79.161,0.849,38300.1,0),(447,42,'2012-11-15','15:26:00',243.525,82.055,0.824,38304.3,0),(448,42,'2012-11-15','15:27:00',257.378,83.225,0.859,38308.5,0),(449,42,'2012-11-15','15:28:00',279.927,91.42,0.851,38312.7,0),(450,42,'2012-11-15','15:29:00',253.681,84.032,0.839,38316.9,0),(451,42,'2012-11-15','15:30:00',242.237,80.289,0.838,38321.2,0),(452,42,'2012-11-15','15:31:00',255.559,82.613,0.859,38325.4,0),(453,42,'2012-11-15','15:32:00',278.643,90.407,0.856,38329.6,0),(454,42,'2012-11-15','15:33:00',257.367,81.7,0.875,38334,0),(455,42,'2012-11-15','15:34:00',248.417,82.034,0.841,38338.3,0),(456,42,'2012-11-15','15:35:00',261.504,85.09,0.854,38342.6,0),(457,42,'2012-11-15','15:36:00',242.02,80.053,0.84,38346.8,0),(458,42,'2012-11-15','15:37:00',246.701,81.128,0.845,38351,0),(459,42,'2012-11-15','15:38:00',254.206,83.351,0.847,38355.3,0),(460,42,'2012-11-15','15:39:00',261.278,85.169,0.852,38359.5,0),(461,42,'2012-11-15','15:40:00',256.041,84.453,0.842,38363.8,0),(462,42,'2012-11-15','15:41:00',253.924,82.047,0.86,38368.1,0),(463,42,'2012-11-15','15:42:00',241.904,79.768,0.842,38372.4,0),(464,42,'2012-11-15','15:43:00',253.674,81.749,0.862,38376.7,0),(465,42,'2012-11-15','15:44:00',254.679,83.934,0.843,38381,0),(466,42,'2012-11-15','15:45:00',250.833,82.42,0.845,38385.3,0),(467,42,'2012-11-15','15:46:00',257.058,84.093,0.849,38389.7,0),(468,42,'2012-11-15','15:47:00',249.813,84.11,0.825,38394,0),(469,42,'2012-11-15','15:48:00',256.429,84.342,0.845,38398.4,0),(470,42,'2012-11-15','15:49:00',258.72,84.693,0.849,38402.7,0),(471,42,'2012-11-15','15:50:00',252.272,82.081,0.854,38406.8,0),(472,42,'2012-11-15','15:51:00',268.21,88.547,0.841,38411.2,0),(473,42,'2012-11-15','15:52:00',255.619,84.932,0.836,38415.7,0),(474,42,'2012-11-15','15:53:00',250.126,81.192,0.856,38420.2,0),(475,42,'2012-11-15','15:54:00',266.463,85.774,0.863,38424.3,0),(476,42,'2012-11-15','15:55:00',262.867,87.692,0.833,38428.8,0),(477,42,'2012-11-15','15:56:00',249.685,82.283,0.843,38433,0),(478,42,'2012-11-15','15:57:00',259.869,85.468,0.845,38437.3,0),(479,42,'2012-11-15','15:58:00',243.805,80.582,0.84,38441.6,0),(480,42,'2012-11-15','15:59:00',267.089,85.236,0.87,38446,0),(481,51,'2012-11-15','16:00:00',245.726,81.912,0.833,38450.3,0),(482,51,'2012-11-15','16:01:00',248.834,80.89,0.855,38454.5,0),(483,51,'2012-11-15','16:02:00',259.714,85.377,0.845,38458.7,0),(484,51,'2012-11-15','16:03:00',265.968,87.865,0.841,38463.2,0),(485,51,'2012-11-15','16:04:00',258.718,86.79,0.828,38467.6,0),(486,51,'2012-11-15','16:05:00',263.891,86.341,0.849,38471.9,0),(487,51,'2012-11-15','16:06:00',253.758,83.83,0.841,38476.2,0),(488,51,'2012-11-15','16:07:00',267.236,87.484,0.849,38480.6,0),(489,51,'2012-11-15','16:08:00',258.109,84.856,0.845,38485,0),(490,51,'2012-11-15','16:09:00',266.032,85.157,0.868,38489.4,0),(491,51,'2012-11-15','16:10:00',258.663,84.756,0.848,38493.8,0),(492,51,'2012-11-15','16:11:00',258.985,84.038,0.856,38498.2,0),(493,51,'2012-11-15','16:12:00',285.338,92.674,0.855,38502.6,0),(494,51,'2012-11-15','16:13:00',280.928,90.31,0.864,38506.9,0),(495,51,'2012-11-15','16:14:00',256.512,84.277,0.845,38511.3,0),(496,51,'2012-11-15','16:15:00',263.127,86.681,0.843,38515.7,0),(497,51,'2012-11-15','16:16:00',271.311,87.074,0.866,38520.2,0),(498,51,'2012-11-15','16:17:00',271.026,90.38,0.833,38524.6,0),(499,51,'2012-11-15','16:18:00',270.173,89.735,0.836,38529.1,0),(500,51,'2012-11-15','16:19:00',265.592,87.505,0.843,38533.7,0),(501,51,'2012-11-15','16:20:00',286.71,95.186,0.837,38538.3,0),(502,51,'2012-11-15','16:21:00',283.523,91.723,0.859,38543.1,0),(503,51,'2012-11-15','16:22:00',276.665,90.103,0.853,38547.8,0),(504,51,'2012-11-15','16:23:00',269.012,90.456,0.826,38552.5,0),(505,51,'2012-11-15','16:24:00',269.973,87.188,0.86,38557.1,0),(506,51,'2012-11-15','16:25:00',277.313,89.987,0.856,38561.8,0),(507,51,'2012-11-15','16:26:00',283.818,91.963,0.857,38566.4,0),(508,51,'2012-11-15','16:27:00',281.977,93.45,0.838,38571,0),(509,51,'2012-11-15','16:28:00',278.333,92.191,0.839,38575.6,0),(510,51,'2012-11-15','16:29:00',282.924,91.741,0.857,38580.2,0),(511,51,'2012-11-15','16:30:00',254.668,84.098,0.841,38584.5,0),(512,51,'2012-11-15','16:31:00',270.952,87.386,0.861,38588.9,0),(513,51,'2012-11-15','16:32:00',284.108,93.845,0.841,38593.4,0),(514,51,'2012-11-15','16:33:00',400.158,130.006,0.855,38597.5,0),(515,51,'2012-11-15','16:34:00',243.407,80.517,0.84,38601.4,0),(516,51,'2012-11-15','16:35:00',263.362,86.782,0.843,38606,0),(517,51,'2012-11-15','16:36:00',256.88,85.346,0.836,38610.3,0),(518,51,'2012-11-15','16:37:00',270.441,88.243,0.851,38614.7,0),(519,51,'2012-11-15','16:38:00',269.707,89.42,0.838,38619.2,0),(520,51,'2012-11-15','16:39:00',280.907,90.967,0.858,38623.8,0),(521,51,'2012-11-15','16:40:00',261.274,84.609,0.858,38628.3,0),(522,51,'2012-11-15','16:41:00',257.158,82.88,0.862,38632.7,0),(523,51,'2012-11-15','16:42:00',279.922,89.737,0.866,38637.2,0),(524,51,'2012-11-15','16:43:00',271.598,89.713,0.841,38641.7,0),(525,51,'2012-11-15','16:44:00',265.678,87.165,0.847,38646.2,0),(526,51,'2012-11-15','16:45:00',264.177,86.802,0.845,38650.7,0),(527,51,'2012-11-15','16:46:00',259.174,83.329,0.864,38655.1,0),(528,51,'2012-11-15','16:47:00',254.654,81.973,0.863,38659.6,0),(529,51,'2012-11-15','16:48:00',268.621,87.51,0.853,38664,0),(530,51,'2012-11-15','16:49:00',272.325,88.132,0.858,38668.5,0),(531,51,'2012-11-15','16:50:00',265.499,87.613,0.842,38673.1,0),(532,51,'2012-11-15','16:51:00',269.006,88.883,0.841,38677.6,0),(533,51,'2012-11-15','16:52:00',280.254,89.615,0.869,38682.2,0),(534,51,'2012-11-15','16:53:00',267.215,87.93,0.844,38686.7,0),(535,51,'2012-11-15','16:54:00',283.31,88.77,0.887,38691.3,0),(536,51,'2012-11-15','16:55:00',272.333,88.937,0.851,38695.8,0),(537,51,'2012-11-15','16:56:00',264.197,86.904,0.844,38700.3,0),(538,51,'2012-11-15','16:57:00',273.191,90.689,0.837,38705,0),(539,51,'2012-11-15','16:58:00',279.664,90.27,0.861,38709.6,0),(540,51,'2012-11-15','16:59:00',290.608,94.436,0.855,38714.2,0),(541,52,'2012-11-15','17:00:00',268.18,88.77,0.839,38718.8,0),(542,52,'2012-11-15','17:01:00',273.092,90.933,0.834,38723.4,0),(543,52,'2012-11-15','17:02:00',264.909,87.144,0.844,38727.9,0),(544,52,'2012-11-15','17:03:00',302.724,98.392,0.855,38732.4,0),(545,52,'2012-11-15','17:04:00',287.331,92.604,0.862,38737,0),(546,52,'2012-11-15','17:05:00',271.144,89.217,0.844,38741.6,0),(547,52,'2012-11-15','17:06:00',262.412,86.75,0.84,38746.3,0),(548,52,'2012-11-15','17:07:00',273.661,89.225,0.852,38750.9,0),(549,52,'2012-11-15','17:08:00',267.828,87.95,0.846,38755.5,0),(550,52,'2012-11-15','17:09:00',284.2,92.648,0.852,38760.2,0),(551,52,'2012-11-15','17:10:00',273.686,88.653,0.858,38764.5,0),(552,52,'2012-11-15','17:11:00',268.388,89.274,0.835,38769.1,0),(553,52,'2012-11-15','17:12:00',261.058,86.041,0.843,38773.6,0),(554,52,'2012-11-15','17:13:00',270.325,88.881,0.845,38778.1,0),(555,52,'2012-11-15','17:14:00',290.517,93.609,0.862,38782.9,0),(556,52,'2012-11-15','17:15:00',274.358,91.501,0.833,38787.5,0),(557,52,'2012-11-15','17:16:00',265.191,89.529,0.823,38792,0),(558,52,'2012-11-15','17:17:00',263.255,86.177,0.849,38796.6,0),(559,52,'2012-11-15','17:18:00',280.942,89.467,0.872,38801.1,0),(560,52,'2012-11-15','17:19:00',266.817,88.705,0.836,38805.6,0),(561,52,'2012-11-15','17:20:00',281.597,94.048,0.832,38810.3,0),(562,52,'2012-11-15','17:21:00',265.252,87.284,0.844,38815,0),(563,52,'2012-11-15','17:22:00',292.638,93.719,0.867,38819.6,0),(564,52,'2012-11-15','17:23:00',273.474,90.46,0.84,38824.2,0),(565,52,'2012-11-15','17:24:00',270.918,89.622,0.84,38828.8,0),(566,52,'2012-11-15','17:25:00',268.071,88.62,0.84,38833.4,0),(567,52,'2012-11-15','17:26:00',257.777,86,0.833,38838.1,0),(568,52,'2012-11-15','17:27:00',287.413,92.302,0.865,38842.7,0),(569,52,'2012-11-15','17:28:00',273.224,90.502,0.839,38847.3,0),(570,52,'2012-11-15','17:29:00',268.753,86.719,0.861,38851.9,0),(571,52,'2012-11-15','17:30:00',276.399,89.202,0.861,38855.6,0),(572,52,'2012-11-15','17:31:00',281.837,89.581,0.874,38860.2,0),(573,52,'2012-11-15','17:32:00',266.698,90.678,0.817,38864.8,0),(574,52,'2012-11-15','17:33:00',267.121,88.19,0.841,38869.4,0),(575,52,'2012-11-15','17:34:00',274.399,90.009,0.847,38873.9,0),(576,52,'2012-11-15','17:35:00',275.634,90.828,0.843,38878.5,0),(577,52,'2012-11-15','17:36:00',264.86,89.256,0.824,38883,0),(578,52,'2012-11-15','17:37:00',261.616,85.578,0.849,38887.5,0),(579,52,'2012-11-15','17:38:00',278.264,89.86,0.86,38892,0),(580,52,'2012-11-15','17:39:00',276.579,90.384,0.85,38896.5,0),(581,52,'2012-11-15','17:40:00',263.463,88.173,0.83,38900.9,0),(582,52,'2012-11-15','17:41:00',264.771,86.291,0.852,38905.4,0),(583,52,'2012-11-15','17:42:00',271.454,87.753,0.859,38909.8,0),(584,52,'2012-11-15','17:43:00',275.832,91.134,0.841,38914.2,0),(585,52,'2012-11-15','17:44:00',258.317,85.712,0.837,38918.7,0),(586,52,'2012-11-15','17:45:00',270.54,90.151,0.834,38923.2,0),(587,52,'2012-11-15','17:46:00',246.262,82.181,0.832,38927.7,0),(588,52,'2012-11-15','17:47:00',274.178,88.34,0.862,38932.3,0),(589,52,'2012-11-15','17:48:00',270.378,87.208,0.861,38936.8,0),(590,52,'2012-11-15','17:49:00',261.478,86.405,0.841,38941.2,0),(591,52,'2012-11-15','17:50:00',265.174,86.821,0.848,38945.5,0),(592,52,'2012-11-15','17:51:00',274.546,90.676,0.841,38949.9,0),(593,52,'2012-11-15','17:52:00',261.4,86.013,0.844,38954.4,0),(594,52,'2012-11-15','17:53:00',259.421,86.001,0.838,38958.9,0),(595,52,'2012-11-15','17:54:00',273.128,90.375,0.839,38963.6,0),(596,52,'2012-11-15','17:55:00',266.821,87.222,0.85,38968.1,0),(597,52,'2012-11-15','17:56:00',283.684,90.164,0.874,38972.7,0),(598,52,'2012-11-15','17:57:00',276.286,90.377,0.849,38977.3,0),(599,52,'2012-11-15','17:58:00',275.484,91.071,0.84,38981.8,0),(600,52,'2012-11-15','17:59:00',257.362,84.046,0.851,38986.3,0),(601,53,'2012-11-15','18:00:00',276.141,91.835,0.835,38990.8,0),(602,53,'2012-11-15','18:01:00',277.862,90.128,0.856,38995.3,0),(603,53,'2012-11-15','18:02:00',271.414,90.739,0.831,38999.9,0),(604,53,'2012-11-15','18:03:00',281.008,91.799,0.85,39004.5,0),(605,53,'2012-11-15','18:04:00',272.428,89.641,0.844,39009,0),(606,53,'2012-11-15','18:05:00',274.527,90.388,0.844,39013.5,0),(607,53,'2012-11-15','18:06:00',272.448,89.001,0.85,39018,0),(608,53,'2012-11-15','18:07:00',269.024,88.808,0.841,39022.5,0),(609,53,'2012-11-15','18:08:00',262.472,86.815,0.84,39027,0),(610,53,'2012-11-15','18:09:00',284.618,94.745,0.834,39031.6,0),(611,53,'2012-11-15','18:10:00',273.102,89.175,0.851,39036.1,0),(612,53,'2012-11-15','18:11:00',267.081,87.62,0.847,39040.7,0),(613,53,'2012-11-15','18:12:00',275.095,92.284,0.828,39045.2,0),(614,53,'2012-11-15','18:13:00',279.543,92.028,0.844,39049.7,0),(615,53,'2012-11-15','18:14:00',284.053,90.519,0.872,39054.3,0),(616,53,'2012-11-15','18:15:00',278.344,90.142,0.858,39058.9,0),(617,53,'2012-11-15','18:16:00',270.225,88.533,0.848,39063.4,0),(618,53,'2012-11-15','18:17:00',267.941,89.502,0.832,39067.9,0),(619,53,'2012-11-15','18:18:00',274.575,89.045,0.857,39072.4,0),(620,53,'2012-11-15','18:19:00',259.379,86.598,0.832,39076.9,0),(621,53,'2012-11-15','18:20:00',261.512,86.388,0.841,39081.4,0),(622,53,'2012-11-15','18:21:00',268.854,88.035,0.848,39085.9,0),(623,53,'2012-11-15','18:22:00',254.112,83.461,0.846,39090.3,0),(624,53,'2012-11-15','18:23:00',270.238,87.854,0.854,39094.8,0),(625,53,'2012-11-15','18:24:00',269.323,89.037,0.84,39099.2,0),(626,53,'2012-11-15','18:25:00',265.634,88.47,0.834,39103.6,0),(627,53,'2012-11-15','18:26:00',268.825,87.905,0.849,39108.1,0),(628,53,'2012-11-15','18:27:00',277.157,91.04,0.846,39112.6,0),(629,53,'2012-11-15','18:28:00',270.79,89.563,0.84,39117.1,0),(630,53,'2012-11-15','18:29:00',275.106,90.283,0.846,39121.6,0),(631,53,'2012-11-15','18:30:00',269.283,88.227,0.848,39126,0),(632,53,'2012-11-15','18:31:00',273.759,90.848,0.837,39130.5,0),(633,53,'2012-11-15','18:32:00',273.576,90.274,0.842,39135.1,0),(634,53,'2012-11-15','18:33:00',270.992,87.777,0.858,39139.7,0),(635,53,'2012-11-15','18:34:00',280.797,91.249,0.855,39144.5,0),(636,53,'2012-11-15','18:35:00',272.583,88.321,0.857,39148.8,0),(637,53,'2012-11-15','18:36:00',267.209,89.719,0.827,39153.6,0),(638,53,'2012-11-15','18:37:00',255.528,85.852,0.827,39158.1,0),(639,53,'2012-11-15','18:38:00',264.894,87.05,0.845,39162.7,0),(640,53,'2012-11-15','18:39:00',284.349,94.14,0.839,39167.2,0),(641,53,'2012-11-15','18:40:00',279.724,91.432,0.85,39171.7,0),(642,53,'2012-11-15','18:41:00',266.551,87.613,0.845,39176.3,0),(643,53,'2012-11-15','18:42:00',282.401,93.434,0.84,39180.9,0),(644,53,'2012-11-15','18:43:00',279.135,88.805,0.873,39185.4,0),(645,53,'2012-11-15','18:44:00',268.034,88.023,0.846,39189.4,0),(646,53,'2012-11-15','18:45:00',271.306,88.918,0.848,39193.8,0),(647,53,'2012-11-15','18:46:00',276.163,90.258,0.85,39198.2,0),(648,53,'2012-11-15','18:47:00',282.668,92.107,0.852,39202.8,0),(649,53,'2012-11-15','18:48:00',274.373,88.921,0.857,39207.4,0),(650,53,'2012-11-15','18:49:00',260.802,87.172,0.831,39212,0),(651,53,'2012-11-15','18:50:00',277.184,90.146,0.854,39216.5,0),(652,53,'2012-11-15','18:51:00',257.255,86.003,0.831,39221,0),(653,53,'2012-11-15','18:52:00',274.126,88.661,0.859,39225.5,0),(654,53,'2012-11-15','18:53:00',271.493,87.848,0.858,39230.1,0),(655,53,'2012-11-15','18:54:00',278.924,89.404,0.867,39234.6,0),(656,53,'2012-11-15','18:55:00',273.937,91.236,0.834,39239.1,0),(657,53,'2012-11-15','18:56:00',256.206,85.737,0.83,39243.6,0),(658,53,'2012-11-15','18:57:00',269.378,87.333,0.857,39248,0),(659,53,'2012-11-15','18:58:00',290.559,93.158,0.866,39252.5,0),(660,53,'2012-11-15','18:59:00',263.373,89.123,0.821,39257.1,0),(661,54,'2012-11-15','19:00:00',274.478,89.928,0.848,39261.6,0),(662,54,'2012-11-15','19:01:00',266.093,86.208,0.857,39266.1,0),(663,54,'2012-11-15','19:02:00',267.574,88.519,0.84,39270.6,0),(664,54,'2012-11-15','19:03:00',278.662,90.732,0.853,39275.2,0),(665,54,'2012-11-15','19:04:00',271.868,88.406,0.854,39279.7,0),(666,54,'2012-11-15','19:05:00',280.142,93.087,0.836,39284.3,0),(667,54,'2012-11-15','19:06:00',265.21,88.377,0.834,39288.9,0),(668,54,'2012-11-15','19:07:00',278.045,91.088,0.848,39293.5,0),(669,54,'2012-11-15','19:08:00',270.694,88.79,0.847,39298.1,0),(670,54,'2012-11-15','19:09:00',269.497,89.906,0.833,39302.7,0),(671,54,'2012-11-15','19:10:00',271.001,90.317,0.833,39307,0),(672,54,'2012-11-15','19:11:00',276.677,91.53,0.84,39311.6,0),(673,54,'2012-11-15','19:12:00',273.937,91.121,0.835,39316.2,0),(674,54,'2012-11-15','19:13:00',281.703,91.108,0.859,39320.7,0),(675,54,'2012-11-15','19:14:00',263.681,87.36,0.838,39325.6,0),(676,54,'2012-11-15','19:15:00',273.962,90.906,0.837,39330.1,0),(677,54,'2012-11-15','19:16:00',242.151,79.957,0.841,39334.4,0),(678,54,'2012-11-15','19:17:00',263.338,87.673,0.834,39338.6,0),(679,54,'2012-11-15','19:18:00',265.582,88.162,0.837,39343.1,0),(680,54,'2012-11-15','19:19:00',275.354,90.836,0.842,39347.7,0),(681,54,'2012-11-15','19:20:00',277.08,91.554,0.841,39352.2,0),(682,54,'2012-11-15','19:21:00',278.38,89.226,0.867,39356.7,0),(683,54,'2012-11-15','19:22:00',272.783,88.436,0.857,39361.2,0),(684,54,'2012-11-15','19:23:00',266.588,88.42,0.838,39365.7,0),(685,54,'2012-11-15','19:24:00',281.324,89.663,0.872,39370.2,0),(686,54,'2012-11-15','19:25:00',268.19,89.988,0.828,39374.7,0),(687,54,'2012-11-15','19:26:00',266.477,87.279,0.848,39379.1,0),(688,54,'2012-11-15','19:27:00',269.714,88.653,0.845,39383.6,0),(689,54,'2012-11-15','19:28:00',270.112,88.35,0.849,39388.2,0),(690,54,'2012-11-15','19:29:00',268.397,87.944,0.848,39392.6,0),(691,54,'2012-11-15','19:30:00',274.473,92.078,0.828,39397.2,0),(692,54,'2012-11-15','19:31:00',267.354,87.008,0.854,39401.7,0),(693,54,'2012-11-15','19:32:00',270.22,88.447,0.849,39406.3,0),(694,54,'2012-11-15','19:33:00',263.839,87.386,0.839,39410.8,0),(695,54,'2012-11-15','19:34:00',261.366,87.018,0.834,39415.3,0),(696,54,'2012-11-15','19:35:00',276.293,90.899,0.844,39419.8,0),(697,54,'2012-11-15','19:36:00',259.472,85.299,0.845,39424.2,0),(698,54,'2012-11-15','19:37:00',257.507,86.657,0.825,39428.6,0),(699,54,'2012-11-15','19:38:00',273.713,88.846,0.856,39433.1,0),(700,54,'2012-11-15','19:39:00',257.287,86.122,0.83,39437.5,0),(701,54,'2012-11-15','19:40:00',267.124,87.919,0.844,39442,0),(702,54,'2012-11-15','19:41:00',270.544,89.062,0.844,39446.5,0),(703,54,'2012-11-15','19:42:00',275.616,88.195,0.868,39451,0),(704,54,'2012-11-15','19:43:00',280.667,90.914,0.858,39455.4,0),(705,54,'2012-11-15','19:44:00',243.593,81.041,0.835,39459.8,0),(706,54,'2012-11-15','19:45:00',277.58,91.164,0.846,39464.3,0),(707,54,'2012-11-15','19:46:00',277.439,88.32,0.873,39468.7,0),(708,54,'2012-11-15','19:47:00',263.689,86.704,0.845,39473.1,0),(709,54,'2012-11-15','19:48:00',259.161,85.295,0.844,39477.5,0),(710,54,'2012-11-15','19:49:00',277.107,90.593,0.85,39481.9,0),(711,54,'2012-11-15','19:50:00',272.377,88.683,0.853,39486.2,0),(712,54,'2012-11-15','19:51:00',263.379,86.462,0.846,39490.7,0),(713,54,'2012-11-15','19:52:00',270.273,88.659,0.847,39495.2,0),(714,54,'2012-11-15','19:53:00',278.936,91.112,0.85,39499.7,0),(715,54,'2012-11-15','19:54:00',260.509,86.857,0.833,39504.4,0),(716,54,'2012-11-15','19:55:00',271.268,87.565,0.861,39508.9,0),(717,54,'2012-11-15','19:56:00',260.881,86.257,0.84,39513.3,0),(718,54,'2012-11-15','19:57:00',266.596,85.431,0.867,39517.8,0),(719,54,'2012-11-15','19:58:00',274.012,90.14,0.844,39522.3,0),(720,54,'2012-11-15','19:59:00',273.575,89.939,0.845,39526.8,0),(721,55,'2012-11-15','20:00:00',270.788,88.692,0.848,39531.3,0),(722,55,'2012-11-15','20:01:00',264.392,87.987,0.835,39535.8,0),(723,55,'2012-11-15','20:02:00',263.974,87.367,0.839,39540.3,0),(724,55,'2012-11-15','20:03:00',266.935,88.363,0.839,39544.8,0),(725,55,'2012-11-15','20:04:00',280.232,91.128,0.854,39549.2,0),(726,55,'2012-11-15','20:05:00',265.627,87.683,0.841,39553.7,0),(727,55,'2012-11-15','20:06:00',254.786,84.892,0.834,39558.2,0),(728,55,'2012-11-15','20:07:00',255.649,86.168,0.824,39562.6,0),(729,55,'2012-11-15','20:08:00',271.959,89.064,0.848,39566.9,0),(730,55,'2012-11-15','20:09:00',279.008,90.45,0.857,39571.4,0),(731,55,'2012-11-15','20:10:00',268.88,89.614,0.833,39575.8,0),(732,55,'2012-11-15','20:11:00',271.738,87.679,0.861,39580.2,0),(733,55,'2012-11-15','20:12:00',264.013,87.706,0.836,39584.7,0),(734,55,'2012-11-15','20:13:00',268.403,87.289,0.854,39589.1,0),(735,55,'2012-11-15','20:14:00',253.083,85.162,0.825,39593.5,0),(736,55,'2012-11-15','20:15:00',272.162,89.404,0.846,39598,0),(737,55,'2012-11-15','20:16:00',279.111,91.693,0.846,39602.5,0),(738,55,'2012-11-15','20:17:00',281.74,90.759,0.862,39607,0),(739,55,'2012-11-15','20:18:00',277.343,90.152,0.855,39611.5,0),(740,55,'2012-11-15','20:19:00',273.301,89.137,0.852,39616,0),(741,55,'2012-11-15','20:20:00',268.191,87.994,0.847,39620.6,0),(742,55,'2012-11-15','20:21:00',275.029,90.302,0.846,39625.1,0),(743,55,'2012-11-15','20:22:00',278.844,91.893,0.843,39629.7,0),(744,55,'2012-11-15','20:23:00',282.333,90.994,0.862,39634.3,0),(745,55,'2012-11-15','20:24:00',279.114,94.031,0.825,39638.9,0),(746,55,'2012-11-15','20:25:00',283.281,93.355,0.843,39643.6,0),(747,55,'2012-11-15','20:26:00',279.485,90.012,0.862,39648.1,0),(748,55,'2012-11-15','20:27:00',275.047,91.557,0.834,39652.8,0),(749,55,'2012-11-15','20:28:00',282.23,91.631,0.856,39657.5,0),(750,55,'2012-11-15','20:29:00',277.186,91.964,0.837,39662.1,0),(751,55,'2012-11-15','20:30:00',264.312,89.211,0.823,39666.8,0),(752,55,'2012-11-15','20:31:00',279.581,90.677,0.856,39671.4,0),(753,55,'2012-11-15','20:32:00',285.787,93.948,0.845,39676,0),(754,55,'2012-11-15','20:33:00',281.773,93.205,0.84,39680.8,0),(755,55,'2012-11-15','20:34:00',286.139,93.649,0.849,39685.5,0),(756,55,'2012-11-15','20:35:00',284.544,93.793,0.843,39690.2,0),(757,55,'2012-11-15','20:36:00',273.85,91.703,0.83,39694.9,0),(758,55,'2012-11-15','20:37:00',274.707,90.349,0.845,39699.5,0),(759,55,'2012-11-15','20:38:00',273.835,90.255,0.843,39704.2,0),(760,55,'2012-11-15','20:39:00',288.436,93.702,0.855,39708.9,0),(761,55,'2012-11-15','20:40:00',273.365,89.712,0.846,39713.6,0),(762,55,'2012-11-15','20:41:00',255.992,83.594,0.851,39717.9,0),(763,55,'2012-11-15','20:42:00',109.943,36.169,0.844,39721.3,0),(764,55,'2012-11-15','20:43:00',285.64,93.514,0.848,39725.6,0),(765,55,'2012-11-15','20:44:00',255.951,84.42,0.842,39730.2,0),(766,55,'2012-11-15','20:45:00',273.553,90.795,0.837,39734,0),(767,55,'2012-11-15','20:46:00',281.489,91.796,0.852,39738.6,0),(768,55,'2012-11-15','20:47:00',280.764,92.31,0.845,39743.3,0),(769,55,'2012-11-15','20:48:00',280.553,90.846,0.858,39747.9,0),(770,55,'2012-11-15','20:49:00',271.293,90.899,0.829,39752.4,0),(771,55,'2012-11-15','20:50:00',275.116,89.877,0.85,39757,0),(772,55,'2012-11-15','20:51:00',276.453,91.31,0.841,39761.6,0),(773,55,'2012-11-15','20:52:00',273.905,91.387,0.833,39766.3,0),(774,55,'2012-11-15','20:53:00',281.124,92.366,0.845,39770.9,0),(775,55,'2012-11-15','20:54:00',0,94963.5,0,39772.4,0),(776,55,'2012-11-15','20:55:00',0,94962.9,0,39772.4,0),(777,55,'2012-11-15','20:56:00',0,94962.7,0,39772.4,0),(778,55,'2012-11-15','20:57:00',0,94962.6,0,39772.4,0),(779,55,'2012-11-15','20:58:00',0,94962.5,0,39772.4,0),(780,55,'2012-11-15','20:59:00',0,94962.5,0,39772.4,0),(781,58,'2012-11-15','21:00:00',0,94962.4,0,39772.4,0),(782,58,'2012-11-15','21:01:00',0,94962.4,0,39772.4,0),(783,58,'2012-11-15','21:02:00',0,94962.3,0,39772.4,0),(784,58,'2012-11-15','21:03:00',0,94962.3,0,39772.4,0),(785,58,'2012-11-15','21:04:00',0,94962.3,0,39772.4,0),(786,58,'2012-11-15','21:05:00',0,94962.2,0,39772.4,0),(787,58,'2012-11-15','21:06:00',0,94962.2,0,39772.4,0),(788,58,'2012-11-15','21:07:00',0,94962.2,0,39772.4,0),(789,58,'2012-11-15','21:08:00',0,94962.2,0,39772.4,0),(790,58,'2012-11-15','21:09:00',0,94962.2,0,39772.4,0),(791,58,'2012-11-15','21:10:00',0,94962.1,0,39772.4,0),(792,58,'2012-11-15','21:11:00',0,94962.1,0,39772.4,0),(793,58,'2012-11-15','21:12:00',0,94962.1,0,39772.4,0),(794,58,'2012-11-15','21:13:00',0,94962.1,0,39772.4,0),(795,58,'2012-11-15','21:14:00',0,94962.1,0,39772.4,0),(796,58,'2012-11-15','21:15:00',0,94962.1,0,39772.4,0),(797,58,'2012-11-15','21:16:00',0,94962.1,0,39772.4,0),(798,58,'2012-11-15','21:17:00',0,94962.1,0,39772.4,0),(799,58,'2012-11-15','21:18:00',0,94962.1,0,39772.4,0),(800,58,'2012-11-15','21:19:00',0,94962.1,0,39772.4,0),(801,58,'2012-11-15','21:20:00',0,94962,0,39772.4,0),(802,58,'2012-11-15','21:21:00',0,94962,0,39772.4,0),(803,58,'2012-11-15','21:22:00',0,94962,0,39772.4,0),(804,58,'2012-11-15','21:23:00',0,94962,0,39772.4,0),(805,58,'2012-11-15','21:24:00',94966.7,94967.1,0.836,39772.4,0),(806,58,'2012-11-15','21:25:00',264.699,88.579,0.83,39776.3,0),(807,58,'2012-11-15','21:26:00',270.493,89.747,0.837,39780.9,0),(808,58,'2012-11-15','21:27:00',278.071,90.518,0.853,39785.5,0),(809,58,'2012-11-15','21:28:00',269.417,88.05,0.85,39790.1,0),(810,58,'2012-11-15','21:29:00',265.126,87.308,0.844,39794.6,0),(811,58,'2012-11-15','21:30:00',274.419,89.276,0.854,39799.1,0),(812,58,'2012-11-15','21:31:00',274.284,89.331,0.853,39803.6,0),(813,58,'2012-11-15','21:32:00',272.07,89.965,0.84,39808.1,0),(814,58,'2012-11-15','21:33:00',291.891,93.614,0.866,39812.8,0),(815,58,'2012-11-15','21:34:00',293.626,94.35,0.864,39817.4,0),(816,58,'2012-11-15','21:35:00',274.639,89.363,0.854,39822.1,0),(817,58,'2012-11-15','21:36:00',280.916,93.046,0.839,39826.7,0),(818,58,'2012-11-15','21:37:00',265.249,87.951,0.838,39831.3,0),(819,58,'2012-11-15','21:38:00',278.92,91.199,0.85,39835.9,0),(820,58,'2012-11-15','21:39:00',273.038,90.01,0.843,39840.5,0),(821,58,'2012-11-15','21:40:00',275.479,90.011,0.85,39845.1,0),(822,58,'2012-11-15','21:41:00',287.471,93.717,0.852,39849.8,0),(823,58,'2012-11-15','21:42:00',275.916,92.134,0.832,39854.3,0),(824,58,'2012-11-15','21:43:00',291.488,94.924,0.853,39859,0),(825,58,'2012-11-15','21:44:00',279.638,92.042,0.844,39863.6,0),(826,58,'2012-11-15','21:45:00',284.271,92.109,0.857,39868.2,0),(827,58,'2012-11-15','21:46:00',271.138,88.785,0.848,39872.8,0),(828,58,'2012-11-15','21:47:00',273.802,90.667,0.839,39877.5,0),(829,58,'2012-11-15','21:48:00',271.701,90.954,0.83,39882,0),(830,58,'2012-11-15','21:49:00',266.735,86.601,0.856,39886.6,0),(831,58,'2012-11-15','21:50:00',266.983,87.732,0.845,39891.1,0),(832,58,'2012-11-15','21:51:00',267.201,87.201,0.851,39895.6,0),(833,58,'2012-11-15','21:52:00',274.096,89.009,0.855,39900.1,0),(834,58,'2012-11-15','21:53:00',276.385,91.133,0.842,39904.7,0),(835,58,'2012-11-15','21:54:00',274.987,91.933,0.831,39909.4,0),(836,58,'2012-11-15','21:55:00',273.781,88.47,0.86,39913.9,0),(837,58,'2012-11-15','21:56:00',275.214,90.926,0.841,39918.5,0),(838,58,'2012-11-15','21:57:00',274.139,88.379,0.862,39923.1,0),(839,58,'2012-11-15','21:58:00',263.774,87.877,0.834,39927.7,0),(840,58,'2012-11-15','21:59:00',271.469,88.01,0.857,39932.4,0),(841,59,'2012-11-15','22:00:00',270.578,89.306,0.842,39936.9,0),(842,59,'2012-11-15','22:01:00',281.816,91.434,0.856,39941.5,0),(843,59,'2012-11-15','22:02:00',273.973,89.352,0.852,39946.1,0),(844,59,'2012-11-15','22:03:00',274.36,90.611,0.841,39950.7,0),(845,59,'2012-11-15','22:04:00',292.478,93.643,0.868,39955.3,0),(846,59,'2012-11-15','22:05:00',278.279,92.46,0.836,39960,0),(847,59,'2012-11-15','22:06:00',281.054,92.366,0.845,39964.6,0),(848,59,'2012-11-15','22:07:00',278.683,92.967,0.833,39969.2,0),(849,59,'2012-11-15','22:08:00',275.137,89.278,0.856,39973.8,0),(850,59,'2012-11-15','22:09:00',266.713,86.908,0.852,39978.4,0),(851,59,'2012-11-15','22:10:00',273.183,90.213,0.841,39983.1,0),(852,59,'2012-11-15','22:11:00',270.9,89.441,0.841,39987.7,0),(853,59,'2012-11-15','22:12:00',273.852,89.966,0.846,39992.3,0),(854,59,'2012-11-15','22:13:00',266.416,87.06,0.85,39996.8,0),(855,59,'2012-11-15','22:14:00',274.595,90.122,0.846,40001.3,0),(856,59,'2012-11-15','22:15:00',280.725,92.235,0.845,40005.9,0),(857,59,'2012-11-15','22:16:00',272.861,90.091,0.841,40010.5,0),(858,59,'2012-11-15','22:17:00',264.408,87.965,0.835,40015.1,0),(859,59,'2012-11-15','22:18:00',265.942,88.705,0.833,40019.6,0),(860,59,'2012-11-15','22:19:00',280.969,89.684,0.87,40024.2,0),(861,59,'2012-11-15','22:20:00',283.438,93.575,0.841,40028.9,0),(862,59,'2012-11-15','22:21:00',284.046,92.212,0.856,40033.5,0),(863,59,'2012-11-15','22:22:00',279.773,93.211,0.834,40038.2,0),(864,59,'2012-11-15','22:23:00',278.583,91.277,0.848,40042.8,0),(865,59,'2012-11-15','22:24:00',269.674,89.316,0.839,40047.5,0),(866,59,'2012-11-15','22:25:00',273.971,91.246,0.834,40052.1,0),(867,59,'2012-11-15','22:26:00',277.365,92.788,0.83,40056.7,0),(868,59,'2012-11-15','22:27:00',277.211,91.169,0.845,40061.4,0),(869,59,'2012-11-15','22:28:00',281.266,92.85,0.841,40066,0),(870,59,'2012-11-15','22:29:00',284.358,92.726,0.852,40070.7,0),(871,59,'2012-11-15','22:30:00',279.625,91.977,0.844,40075.4,0),(872,59,'2012-11-15','22:31:00',275.661,91.124,0.84,40080.1,0),(873,59,'2012-11-15','22:32:00',275.29,90.353,0.846,40084.7,0),(874,59,'2012-11-15','22:33:00',277.026,91.631,0.84,40089.4,0),(875,59,'2012-11-15','22:34:00',288.951,93.161,0.862,40094.1,0),(876,59,'2012-11-15','22:35:00',274.161,90.798,0.839,40098.8,0),(877,59,'2012-11-15','22:36:00',278.195,90.895,0.85,40103.4,0),(878,59,'2012-11-15','22:37:00',275.86,89.928,0.852,40108,0),(879,59,'2012-11-15','22:38:00',278.082,90.984,0.849,40112.6,0),(880,59,'2012-11-15','22:39:00',277.823,92.331,0.836,40117.1,0),(881,59,'2012-11-15','22:40:00',269.386,87.514,0.855,40121.7,0),(882,59,'2012-11-15','22:41:00',278.927,90.258,0.858,40126.3,0),(883,59,'2012-11-15','22:42:00',266.95,88.803,0.835,40130.8,0),(884,59,'2012-11-15','22:43:00',266.905,86.963,0.853,40135.4,0),(885,59,'2012-11-15','22:44:00',267.072,89.261,0.831,40139.9,0),(886,59,'2012-11-15','22:45:00',262.225,87.595,0.832,40144.4,0),(887,59,'2012-11-15','22:46:00',274.705,89.96,0.848,40148.9,0),(888,59,'2012-11-15','22:47:00',273.233,89.541,0.848,40153.4,0),(889,59,'2012-11-15','22:48:00',269.944,89.6,0.837,40157.9,0),(890,60,'2012-11-15','23:00:00',286.923,91.457,0.871,40212.9,0),(891,60,'2012-11-15','23:01:00',272.821,90.24,0.84,40217.4,0),(892,60,'2012-11-15','23:02:00',277.417,90.938,0.847,40222.1,0),(893,60,'2012-11-15','23:03:00',279.22,92.969,0.834,40226.7,0),(894,60,'2012-11-15','23:04:00',277.861,89.753,0.86,40231.2,0),(895,60,'2012-11-15','23:05:00',276.531,92.622,0.829,40235.8,0),(896,60,'2012-11-15','23:06:00',281.518,91.926,0.851,40240.4,0),(897,60,'2012-11-15','23:07:00',269.026,90.166,0.829,40245,0),(898,60,'2012-11-15','23:08:00',272.01,90.504,0.835,40249.6,0),(899,60,'2012-11-15','23:09:00',270.728,89.06,0.844,40254.2,0),(900,60,'2012-11-15','23:10:00',273.7,90.333,0.842,40258.7,0),(901,60,'2012-11-15','23:11:00',273.632,89.915,0.845,40263.3,0),(902,60,'2012-11-15','23:12:00',271.913,87.229,0.866,40267.8,0),(903,60,'2012-11-15','23:13:00',264.245,87.293,0.841,40272.4,0),(904,60,'2012-11-15','23:14:00',291.947,92.157,0.88,40277,0),(905,60,'2012-11-15','23:15:00',281.039,93.256,0.837,40281.7,0),(906,60,'2012-11-15','23:16:00',272.59,89.528,0.846,40286.3,0),(907,60,'2012-11-15','23:17:00',242.837,79.45,0.849,40289.9,0),(908,60,'2012-11-15','23:18:00',275.889,90.47,0.847,40294,0),(909,60,'2012-11-15','23:19:00',265.766,90.012,0.82,40298.6,0),(910,60,'2012-11-15','23:20:00',262.728,87.564,0.833,40303.1,0),(911,60,'2012-11-15','23:21:00',270.524,88.082,0.853,40307.6,0),(912,60,'2012-11-15','23:22:00',277.197,91.849,0.838,40312.2,0),(913,60,'2012-11-15','23:23:00',280.266,91.404,0.852,40316.8,0),(914,60,'2012-11-15','23:24:00',267.864,89.605,0.83,40321.4,0),(915,60,'2012-11-15','23:25:00',282.721,92.812,0.846,40326,0),(916,60,'2012-11-15','23:26:00',286.472,95.137,0.836,40330.7,0),(917,60,'2012-11-15','23:27:00',289.859,93.398,0.862,40335.3,0),(918,60,'2012-11-15','23:28:00',278.922,91.645,0.845,40340,0),(919,60,'2012-11-15','23:29:00',279.384,90.914,0.854,40344.6,0),(920,60,'2012-11-15','23:30:00',267.852,87.087,0.854,40349.2,0),(921,60,'2012-11-15','23:31:00',272.35,89.357,0.847,40353.8,0),(922,60,'2012-11-15','23:32:00',284.493,93.4,0.846,40358.4,0),(923,60,'2012-11-15','23:33:00',271.825,89.53,0.843,40363.1,0),(924,60,'2012-11-15','23:34:00',272.452,89.427,0.846,40367.7,0),(925,60,'2012-11-15','23:35:00',279.276,92.324,0.84,40372.3,0),(926,60,'2012-11-15','23:36:00',282.027,92.758,0.845,40376.9,0),(927,60,'2012-11-15','23:37:00',282.108,91.393,0.857,40381.6,0),(928,60,'2012-11-15','23:38:00',280.254,91.591,0.85,40386.3,0),(929,60,'2012-11-15','23:39:00',278.373,92.985,0.832,40390.9,0),(930,60,'2012-11-15','23:40:00',291.935,94.582,0.857,40395.6,0),(931,60,'2012-11-15','23:41:00',285.618,94.038,0.844,40400.3,0),(932,60,'2012-11-15','23:42:00',294.336,93.581,0.874,40405.1,0),(933,60,'2012-11-15','23:43:00',290.504,94.169,0.857,40409.7,0),(934,60,'2012-11-15','23:44:00',280.927,91.97,0.848,40414.5,0),(935,60,'2012-11-15','23:45:00',287.158,96.427,0.827,40419.2,0),(936,60,'2012-11-15','23:46:00',289.643,93.8,0.858,40423.9,0),(937,60,'2012-11-15','23:47:00',276.648,90.011,0.854,40428.5,0),(938,60,'2012-11-15','23:48:00',270.852,88.468,0.85,40433.1,0),(939,60,'2012-11-15','23:49:00',283.489,90.873,0.867,40437.7,0),(940,60,'2012-11-15','23:50:00',274.709,90.572,0.843,40442.2,0),(941,60,'2012-11-15','23:51:00',277.111,91.566,0.841,40446.8,0),(942,60,'2012-11-15','23:52:00',276.088,91.956,0.834,40451.4,0),(943,60,'2012-11-15','23:53:00',263.892,88.054,0.832,40455.9,0),(944,60,'2012-11-15','23:54:00',247.794,81.894,0.84,40460.4,0),(945,60,'2012-11-15','23:55:00',289.688,95.56,0.842,40465.2,0),(946,60,'2012-11-15','23:56:00',292.103,94.019,0.863,40469.9,0),(947,60,'2012-11-15','23:57:00',277.876,93.447,0.826,40474.6,0),(948,60,'2012-11-15','23:58:00',280.663,92.23,0.845,40479.3,0),(949,60,'2012-11-15','23:59:00',278.014,91.901,0.84,40484,0);
/*!40000 ALTER TABLE `datos_prima` ENABLE KEYS */;
UNLOCK TABLES;

--
-- Table structure for table `datos_reportes`
--

DROP TABLE IF EXISTS `datos_reportes`;
/*!40101 SET @saved_cs_client     = @@character_set_client */;
/*!40101 SET character_set_client = utf8 */;
CREATE TABLE `datos_reportes` (
  `id` int(12) NOT NULL AUTO_INCREMENT,
  `id_reporte` int(8) NOT NULL,
  `fecha_datos_reporte` date NOT NULL,
  `tipo_arena` varchar(20) NOT NULL,
  `supervisor` varchar(20) NOT NULL,
  `hora_inicio` time NOT NULL,
  `hora_final` time NOT NULL,
  `horas_produccion` time NOT NULL,
  `materia_prima` float NOT NULL,
  `produccion` float NOT NULL,
  `rendimiento` int(4) NOT NULL,
  `productividad` float NOT NULL,
  PRIMARY KEY (`id`,`id_reporte`),
  KEY `fecha` (`fecha_datos_reporte`,`tipo_arena`,`supervisor`,`hora_inicio`,`hora_final`),
  KEY `id_reporte` (`id_reporte`),
  CONSTRAINT `datos_reportes_ibfk_1` FOREIGN KEY (`id_reporte`) REFERENCES `reportes` (`id_reporte`) ON DELETE CASCADE ON UPDATE CASCADE
) ENGINE=InnoDB AUTO_INCREMENT=65 DEFAULT CHARSET=latin1;
/*!40101 SET character_set_client = @saved_cs_client */;

--
-- Dumping data for table `datos_reportes`
--

LOCK TABLES `datos_reportes` WRITE;
/*!40000 ALTER TABLE `datos_reportes` DISABLE KEYS */;
INSERT INTO `datos_reportes` VALUES (55,20,'2012-11-15','100-120','arm','07:00:00','08:00:00','01:00:00',0,77.7,0,77.7),(56,20,'2012-11-15','120-140','arm','08:00:00','09:59:00','01:59:00',0,112.6,0,56.77),(57,20,'2012-11-15','30B HUMEDA','arm','09:04:00','10:00:00','00:56:00',0,87.9,0,94.18),(58,20,'2012-11-15','ARENA 20-30 HUMEDA','arm','10:00:00','12:00:00','02:00:00',452.4,160.1,35,80.05),(59,20,'2012-11-15','ARENA 4-8 HUMEDA','arm','12:00:00','15:00:00','03:00:00',759.9,276.3,36,92.1),(60,21,'2012-11-15','ARENA 4-8 HUMEDA','daa','15:00:00','17:59:00','02:59:00',790.7,270.3,34,90.6),(61,21,'2012-11-15','SISA PAR GC TOP HUM.','daa','15:59:00','16:59:00','01:00:00',268.2,96.1,36,96.1),(62,21,'2012-11-15','SISA PAR TRAMP HUM.','daa','16:59:00','20:59:00','04:00:00',1058.2,393,37,98.25),(63,21,'2012-11-15','SISAPAR GC TOP HUM/P','daa','20:59:00','22:00:00','01:01:00',164.5,47.6,29,46.82),(64,22,'2012-11-15','30B HUMEDA','qaz','21:00:00','22:44:00','01:44:00',367.5,122,33,70.38);
/*!40000 ALTER TABLE `datos_reportes` ENABLE KEYS */;
UNLOCK TABLES;

--
-- Table structure for table `datos_seca`
--

DROP TABLE IF EXISTS `datos_seca`;
/*!40101 SET @saved_cs_client     = @@character_set_client */;
/*!40101 SET character_set_client = utf8 */;
CREATE TABLE `datos_seca` (
  `id` bigint(20) NOT NULL AUTO_INCREMENT,
  `id_carga` bigint(20) NOT NULL,
  `date` date NOT NULL,
  `time` time NOT NULL,
  `flujo` float NOT NULL,
  `carga` float NOT NULL,
  `velocidad` float NOT NULL,
  `total1` float NOT NULL,
  `total2` float NOT NULL,
  PRIMARY KEY (`id`),
  KEY `datos_humeda_fk_1` (`id_carga`),
  CONSTRAINT `datos_seca_ibfk_1` FOREIGN KEY (`id_carga`) REFERENCES `cargas` (`id`) ON DELETE CASCADE ON UPDATE CASCADE
) ENGINE=InnoDB AUTO_INCREMENT=902 DEFAULT CHARSET=utf8 COLLATE=utf8_spanish_ci COMMENT='Datos arena humeda';
/*!40101 SET character_set_client = @saved_cs_client */;

--
-- Dumping data for table `datos_seca`
--

LOCK TABLES `datos_seca` WRITE;
/*!40000 ALTER TABLE `datos_seca` DISABLE KEYS */;
INSERT INTO `datos_seca` VALUES (722,43,'2012-11-15','07:00:00',79.769,24.731,0.896,55131.9,0),(723,43,'2012-11-15','07:01:00',87.194,26.645,0.909,55133.4,0),(724,43,'2012-11-15','07:02:00',89.271,27.491,0.902,55134.9,0),(725,43,'2012-11-15','07:03:00',101.225,30.004,0.937,55136.3,0),(726,43,'2012-11-15','07:04:00',94.131,28.75,0.909,55137.9,0),(727,43,'2012-11-15','07:05:00',96.868,28.853,0.933,55139.4,0),(728,43,'2012-11-15','07:06:00',74.93,22.998,0.905,55140.9,0),(729,43,'2012-11-15','07:07:00',83.679,25.536,0.91,55142.3,0),(730,43,'2012-11-15','07:08:00',81.968,24.789,0.918,55143.8,0),(731,43,'2012-11-15','07:09:00',93.713,28.189,0.923,55145.2,0),(732,43,'2012-11-15','07:10:00',83.465,26.275,0.92,55146.8,0),(733,43,'2012-11-15','07:11:00',102.582,31.041,0.918,55148.3,0),(734,43,'2012-11-15','07:12:00',88.58,27.274,0.902,55149.8,0),(735,43,'2012-11-15','07:13:00',77.829,23.221,0.931,55151.2,0),(736,43,'2012-11-15','07:14:00',85.398,25.659,0.924,55152.6,0),(737,43,'2012-11-15','07:15:00',73.047,22.341,0.908,55154,0),(738,43,'2012-11-15','07:16:00',97.594,29.807,0.909,55155.5,0),(739,43,'2012-11-15','07:17:00',89.834,27.565,0.905,55156.9,0),(740,43,'2012-11-15','07:18:00',87.76,26.916,0.906,55158.3,0),(741,43,'2012-11-15','07:19:00',77.986,24.039,0.901,55159.7,0),(742,43,'2012-11-15','07:20:00',90.434,27.678,0.908,55161.1,0),(743,43,'2012-11-15','07:21:00',85.207,25.785,0.918,55162.3,0),(744,43,'2012-11-15','07:22:00',81.698,25.019,0.907,55163.7,0),(745,43,'2012-11-15','07:23:00',66.508,20.131,0.918,55164.9,0),(746,43,'2012-11-15','07:24:00',61.36,18.325,0.93,55166,0),(747,43,'2012-11-15','07:25:00',63.947,19.555,0.908,55167,0),(748,43,'2012-11-15','07:26:00',65.194,19.894,0.91,55168.1,0),(749,43,'2012-11-15','07:27:00',54.403,16.393,0.922,55169,0),(750,43,'2012-11-15','07:28:00',63.652,19.54,0.905,55170,0),(751,43,'2012-11-15','07:29:00',57.75,17.319,0.926,55171.1,0),(752,43,'2012-11-15','07:30:00',64.209,19.655,0.907,55172.2,0),(753,43,'2012-11-15','07:31:00',65.389,19.931,0.911,55173.3,0),(754,43,'2012-11-15','07:32:00',80.939,24.575,0.915,55174.5,0),(755,43,'2012-11-15','07:33:00',73.513,22.621,0.903,55175.7,0),(756,43,'2012-11-15','07:34:00',71.207,21.718,0.911,55176.9,0),(757,43,'2012-11-15','07:35:00',62.346,19.079,0.908,55178.1,0),(758,43,'2012-11-15','07:36:00',68.821,20.955,0.912,55179.4,0),(759,43,'2012-11-15','07:37:00',83.184,25.547,0.912,55180.7,0),(760,43,'2012-11-15','07:38:00',53.267,16.093,0.919,55181.9,0),(761,43,'2012-11-15','07:39:00',66.227,20.146,0.913,55182.8,0),(762,43,'2012-11-15','07:40:00',72.218,21.953,0.914,55183.9,0),(763,43,'2012-11-15','07:41:00',73.168,22.389,0.908,55185.1,0),(764,43,'2012-11-15','07:42:00',71.935,21.746,0.919,55186.1,0),(765,43,'2012-11-15','07:43:00',80.989,25.029,0.899,55187.4,0),(766,43,'2012-11-15','07:44:00',64.467,19.122,0.936,55188.6,0),(767,43,'2012-11-15','07:45:00',70.005,21.54,0.903,55189.8,0),(768,43,'2012-11-15','07:46:00',67.094,20.346,0.916,55191,0),(769,43,'2012-11-15','07:47:00',76.353,23.157,0.914,55192.2,0),(770,43,'2012-11-15','07:48:00',76.286,23.491,0.902,55193.5,0),(771,43,'2012-11-15','07:49:00',79.526,24.039,0.919,55194.9,0),(772,43,'2012-11-15','07:50:00',88.697,27.055,0.911,55196.2,0),(773,43,'2012-11-15','07:51:00',93.164,28.31,0.914,55197.5,0),(774,43,'2012-11-15','07:52:00',81.893,25.384,0.896,55198.9,0),(775,43,'2012-11-15','07:53:00',89.819,27.008,0.924,55200.3,0),(776,43,'2012-11-15','07:54:00',91.109,28.166,0.899,55201.7,0),(777,43,'2012-11-15','07:55:00',81.359,24.685,0.916,55203,0),(778,43,'2012-11-15','07:56:00',66.006,20.481,0.895,55204.3,0),(779,43,'2012-11-15','07:57:00',99.792,30.376,0.913,55205.5,0),(780,43,'2012-11-15','07:58:00',79.747,24.497,0.904,55206.9,0),(781,43,'2012-11-15','07:59:00',81.21,24.687,0.914,55208.3,0),(782,44,'2012-11-15','08:00:00',87.543,26.85,0.906,55209.6,0),(783,44,'2012-11-15','08:01:00',95.241,28.87,0.916,55211,0),(784,44,'2012-11-15','08:02:00',90.52,27.325,0.92,55212.7,0),(785,44,'2012-11-15','08:03:00',86.43,26.581,0.903,55214.1,0),(786,44,'2012-11-15','08:04:00',83.512,25.435,0.912,55215.4,0),(787,44,'2012-11-15','08:05:00',105.214,32.259,0.906,55217,0),(788,44,'2012-11-15','08:06:00',80.034,24.591,0.904,55218.5,0),(789,44,'2012-11-15','08:07:00',80.86,24.673,0.91,55219.9,0),(790,44,'2012-11-15','08:08:00',84.591,25.677,0.915,55221.3,0),(791,44,'2012-11-15','08:09:00',86.148,26.067,0.918,55222.9,0),(792,44,'2012-11-15','08:10:00',97.223,29.572,0.913,55224.3,0),(793,44,'2012-11-15','08:11:00',104.259,30.962,0.935,55225.8,0),(794,44,'2012-11-15','08:12:00',87.452,26.606,0.913,55227.4,0),(795,44,'2012-11-15','08:13:00',93.11,28.613,0.904,55229.1,0),(796,44,'2012-11-15','08:14:00',88.761,27.099,0.91,55230.7,0),(797,44,'2012-11-15','08:15:00',100.24,30.812,0.904,55232.2,0),(798,44,'2012-11-15','08:16:00',97.734,29.397,0.923,55233.9,0),(799,44,'2012-11-15','08:17:00',85.174,26.201,0.903,55235.5,0),(800,44,'2012-11-15','08:18:00',84.873,25.739,0.916,55237.2,0),(801,44,'2012-11-15','08:19:00',94.174,28.885,0.905,55238.9,0),(802,44,'2012-11-15','08:20:00',103.581,31.576,0.911,55240.6,0),(803,44,'2012-11-15','08:21:00',89.04,27.03,0.915,55242.3,0),(804,44,'2012-11-15','08:22:00',102.521,30.887,0.922,55243.9,0),(805,44,'2012-11-15','08:23:00',100.554,30.009,0.931,55245.6,0),(806,44,'2012-11-15','08:24:00',110.479,34.07,0.901,55247.3,0),(807,44,'2012-11-15','08:25:00',82.453,25.091,0.913,55248.8,0),(808,44,'2012-11-15','08:26:00',96.587,29.168,0.92,55250.2,0),(809,44,'2012-11-15','08:27:00',77.283,23.68,0.907,55251.6,0),(810,44,'2012-11-15','08:28:00',76.827,23.259,0.918,55253,0),(811,44,'2012-11-15','08:29:00',107.647,32.399,0.923,55254.5,0),(812,44,'2012-11-15','08:30:00',70.648,21.578,0.909,55255.9,0),(813,44,'2012-11-15','08:31:00',79.822,24.293,0.913,55257.2,0),(814,44,'2012-11-15','08:32:00',59.519,18.186,0.909,55258.4,0),(815,44,'2012-11-15','08:33:00',59.864,17.865,0.931,55259.4,0),(816,44,'2012-11-15','08:34:00',47.311,14.493,0.907,55260.3,0),(817,44,'2012-11-15','08:35:00',52.712,15.859,0.923,55261.2,0),(818,44,'2012-11-15','08:36:00',59.279,17.913,0.919,55262.1,0),(819,44,'2012-11-15','08:37:00',60.864,18.45,0.916,55263,0),(820,44,'2012-11-15','08:38:00',63.059,18.995,0.922,55264,0),(821,44,'2012-11-15','08:39:00',64.76,19.295,0.932,55265.1,0),(822,44,'2012-11-15','08:40:00',91.832,28.116,0.907,55266.4,0),(823,44,'2012-11-15','08:41:00',83.311,25.872,0.894,55267.8,0),(824,44,'2012-11-15','08:42:00',88.429,27.187,0.904,55269.3,0),(825,44,'2012-11-15','08:43:00',106.275,32.916,0.897,55270.9,0),(826,44,'2012-11-15','08:44:00',81.973,25.359,0.898,55272.6,0),(827,44,'2012-11-15','08:45:00',111.741,33.879,0.916,55274.2,0),(828,44,'2012-11-15','08:46:00',107.149,33.084,0.9,55275.9,0),(829,44,'2012-11-15','08:47:00',88.915,27.523,0.897,55277.6,0),(830,44,'2012-11-15','08:48:00',93.252,28.203,0.918,55279.3,0),(831,44,'2012-11-15','08:49:00',90.271,28.039,0.894,55280.9,0),(832,44,'2012-11-15','08:50:00',94.463,28.865,0.909,55282.8,0),(833,44,'2012-11-15','08:51:00',117.906,35.887,0.913,55284.6,0),(834,44,'2012-11-15','08:52:00',98.495,30.358,0.901,55286.4,0),(835,44,'2012-11-15','08:53:00',116.583,35.612,0.909,55288.2,0),(836,44,'2012-11-15','08:54:00',95.79,29.059,0.916,55290.1,0),(837,44,'2012-11-15','08:55:00',113.017,34.354,0.914,55292,0),(838,44,'2012-11-15','08:56:00',95.946,29.426,0.906,55293.9,0),(839,44,'2012-11-15','08:57:00',105.347,32.214,0.908,55295.7,0),(840,44,'2012-11-15','08:58:00',124.262,37.813,0.913,55297.6,0),(841,44,'2012-11-15','08:59:00',124.992,38.381,0.905,55299.5,0),(842,45,'2012-11-15','09:00:00',123.265,37.592,0.911,55301.4,0),(843,45,'2012-11-15','09:01:00',115.958,35.35,0.881,55303.4,0),(844,45,'2012-11-15','09:02:00',102.074,30.697,0.924,55305.4,0),(845,45,'2012-11-15','09:03:00',119.572,35.921,0.925,55307.4,0),(846,45,'2012-11-15','09:04:00',128.278,38.669,0.921,55309.6,0),(847,45,'2012-11-15','09:05:00',133.146,40.291,0.918,55311.6,0),(848,45,'2012-11-15','09:06:00',94.522,27.549,0.917,55313.3,0),(849,45,'2012-11-15','09:07:00',87.354,26.592,0.912,55314.8,0),(850,45,'2012-11-15','09:08:00',60.797,18.447,0.915,55316.1,0),(851,45,'2012-11-15','09:09:00',79.263,24.075,0.915,55317.4,0),(852,45,'2012-11-15','09:10:00',49.019,14.781,0.921,55318.4,0),(853,45,'2012-11-15','09:11:00',41.752,12.63,0.918,55319.1,0),(854,45,'2012-11-15','09:12:00',35.209,10.755,0.909,55319.7,0),(855,45,'2012-11-15','09:13:00',23.026,7.018,0.911,55320.2,0),(856,45,'2012-11-15','09:14:00',18.046,5.416,0.926,55320.6,0),(857,45,'2012-11-15','09:15:00',22.119,6.737,0.912,55320.9,0),(858,45,'2012-11-15','09:16:00',17.453,5.359,0.905,55321.2,0),(859,45,'2012-11-15','09:17:00',16.065,4.885,0.913,55321.4,0),(860,45,'2012-11-15','09:18:00',15.641,4.731,0.918,55321.7,0),(861,45,'2012-11-15','09:19:00',13.977,4.276,0.908,55321.9,0),(862,45,'2012-11-15','09:20:00',9.676,2.944,0.913,55322.1,0),(863,45,'2012-11-15','09:21:00',94966.6,94967.1,0.904,55322.2,0),(864,45,'2012-11-15','09:22:00',94962.2,94965.8,0.928,55322.2,0),(865,45,'2012-11-15','09:23:00',1.746,0.529,0.918,55322.2,0),(866,45,'2012-11-15','09:24:00',1.363,0.417,0.908,55322.2,0),(867,45,'2012-11-15','09:25:00',94966.5,94967,0.899,55322.2,0),(868,45,'2012-11-15','09:26:00',94966.5,94967.1,0.942,55322.2,0),(869,45,'2012-11-15','09:27:00',94962.9,94966,0.939,55322.2,0),(870,45,'2012-11-15','09:28:00',94967,94967.2,0.958,55322.2,0),(871,45,'2012-11-15','09:29:00',94967,94967.2,0.912,55322.2,0),(872,45,'2012-11-15','09:30:00',94965.2,94966.7,0.927,55322.2,0),(873,45,'2012-11-15','09:31:00',94966.6,94967.1,0.912,55322.2,0),(874,45,'2012-11-15','09:32:00',94965,94966.6,0.936,55322.2,0),(875,45,'2012-11-15','09:33:00',94966.4,94967,0.928,55322.2,0),(876,45,'2012-11-15','09:34:00',0.725,0.22,0.914,55322.2,0),(877,45,'2012-11-15','09:35:00',94966.9,94967.2,0.914,55322.2,0),(878,45,'2012-11-15','09:36:00',1.307,0.391,0.93,55322.2,0),(879,45,'2012-11-15','09:37:00',0.072,0.021,0.941,55322.2,0),(880,45,'2012-11-15','09:38:00',0.445,0.133,0.931,55322.2,0),(881,45,'2012-11-15','09:39:00',94965.4,94966.7,0.93,55322.2,0),(882,45,'2012-11-15','09:40:00',94965.4,94966.7,0.909,55322.2,0),(883,45,'2012-11-15','09:41:00',94962.6,94965.9,0.926,55322.2,0),(884,45,'2012-11-15','09:42:00',0.621,0.187,0.921,55322.2,0),(885,45,'2012-11-15','09:43:00',1.919,0.586,0.909,55322.2,0),(886,45,'2012-11-15','09:44:00',94965,94966.6,0.922,55322.2,0),(887,45,'2012-11-15','09:45:00',94966.7,94967.1,0.91,55322.2,0),(888,45,'2012-11-15','09:46:00',94963.2,94966.1,0.918,55322.2,0),(889,45,'2012-11-15','09:47:00',0.027,0.009,0.887,55322.2,0),(890,45,'2012-11-15','09:48:00',94966.6,94967.1,0.905,55322.2,0),(891,45,'2012-11-15','09:49:00',94965.2,94966.7,0.894,55322.2,0),(892,45,'2012-11-15','09:50:00',94966.6,94967.1,0.922,55322.2,0),(893,45,'2012-11-15','09:51:00',94966,94966.9,0.929,55322.2,0),(894,45,'2012-11-15','09:52:00',94966.6,94967.1,0.912,55322.2,0),(895,45,'2012-11-15','09:53:00',0.979,0.293,0.928,55322.2,0),(896,45,'2012-11-15','09:54:00',94966.8,94967.1,0.927,55322.2,0),(897,45,'2012-11-15','09:55:00',1.439,0.442,0.905,55322.2,0),(898,45,'2012-11-15','09:56:00',94966.8,94967.2,0.918,55322.2,0),(899,45,'2012-11-15','09:57:00',0.209,0.062,0.937,55322.2,0),(900,45,'2012-11-15','09:58:00',94966.2,94967,0.926,55322.2,0),(901,45,'2012-11-15','09:59:00',94965.8,94966.8,0.919,55322.2,0);
/*!40000 ALTER TABLE `datos_seca` ENABLE KEYS */;
UNLOCK TABLES;

--
-- Table structure for table `reportes`
--

DROP TABLE IF EXISTS `reportes`;
/*!40101 SET @saved_cs_client     = @@character_set_client */;
/*!40101 SET character_set_client = utf8 */;
CREATE TABLE `reportes` (
  `id_reporte` int(8) NOT NULL AUTO_INCREMENT,
  `fecha_reporte` datetime NOT NULL,
  `fecha_datos_reporte` date NOT NULL,
  `usuario_reporte` varchar(20) NOT NULL,
  PRIMARY KEY (`id_reporte`),
  KEY `fecha_reporte` (`fecha_reporte`),
  KEY `fecha_datos_reporte` (`fecha_datos_reporte`)
) ENGINE=InnoDB AUTO_INCREMENT=23 DEFAULT CHARSET=latin1;
/*!40101 SET character_set_client = @saved_cs_client */;

--
-- Dumping data for table `reportes`
--

LOCK TABLES `reportes` WRITE;
/*!40000 ALTER TABLE `reportes` DISABLE KEYS */;
INSERT INTO `reportes` VALUES (20,'2012-11-15 03:06:43','2012-11-15','arm'),(21,'2012-11-15 03:23:15','2012-11-15','daa'),(22,'2012-11-15 06:20:33','2012-11-15','qaz');
/*!40000 ALTER TABLE `reportes` ENABLE KEYS */;
UNLOCK TABLES;

--
-- Table structure for table `tipos_arena`
--

DROP TABLE IF EXISTS `tipos_arena`;
/*!40101 SET @saved_cs_client     = @@character_set_client */;
/*!40101 SET character_set_client = utf8 */;
CREATE TABLE `tipos_arena` (
  `id` tinyint(4) NOT NULL AUTO_INCREMENT,
  `nombre` varchar(30) NOT NULL,
  `tipo` varchar(30) NOT NULL,
  PRIMARY KEY (`id`),
  KEY `nombre` (`nombre`)
) ENGINE=InnoDB AUTO_INCREMENT=64 DEFAULT CHARSET=latin1;
/*!40101 SET character_set_client = @saved_cs_client */;

--
-- Dumping data for table `tipos_arena`
--

LOCK TABLES `tipos_arena` WRITE;
/*!40000 ALTER TABLE `tipos_arena` DISABLE KEYS */;
INSERT INTO `tipos_arena` VALUES (1,'30B HUMEDA','HUMEDA'),(2,'30B SECA','SECA'),(3,'FLINT, SISA FLINT 10','SECA'),(4,'REGULAR','DUAL'),(5,'20A, SISA20A/D','SECA'),(6,'20AA','SECA'),(7,'ARENA SI-S70','DUAL'),(8,'ARENA SI-G','DUAL'),(9,'40-50','SECA'),(10,'42-48','SECA'),(11,'45-55','SECA'),(12,'50-60','SECA'),(13,'40-45','DUAL'),(14,'65-75','SECA'),(15,'80-90','SECA'),(16,'100-120','SECA'),(17,'120-140','SECA'),(18,'GRAVILLA','HUMEDA'),(19,'ARENA 4-8 HUMEDA','HUMEDA'),(20,'ARENA PARA REPELLO','HUMEDA'),(21,'ARENA 8-16','SECA'),(22,'ARENA 20-30 HUMEDA','HUMEDA'),(23,'ARENA 16-30','SECA'),(24,'ARENA 40-70','SECA'),(25,'SISAPAR GC TOP HUM/PM','HUMEDA'),(26,'SISA PAR TRAMP','SECA'),(27,'SISA PAR TOP G','SECA'),(28,'SISA PAR TOP C','SECA'),(29,'SISA PAR TEE','SECA'),(30,'SISA PAR GC PERMOPORE','SECA'),(61,'SISA PAR FAIRWAY','SECA'),(62,'SISA PAR TRAMP HUM.','HUMEDA'),(63,'SISA PAR GC TOP HUM.','HUMEDA');
/*!40000 ALTER TABLE `tipos_arena` ENABLE KEYS */;
UNLOCK TABLES;

--
-- Table structure for table `usuarios`
--

DROP TABLE IF EXISTS `usuarios`;
/*!40101 SET @saved_cs_client     = @@character_set_client */;
/*!40101 SET character_set_client = utf8 */;
CREATE TABLE `usuarios` (
  `id` int(4) NOT NULL AUTO_INCREMENT,
  `nombre` varchar(80) COLLATE utf8_spanish_ci NOT NULL,
  `usuario` varchar(15) COLLATE utf8_spanish_ci NOT NULL,
  `clave` varchar(15) COLLATE utf8_spanish_ci NOT NULL,
  `tipo` int(1) NOT NULL,
  PRIMARY KEY (`id`),
  UNIQUE KEY `usuario` (`usuario`),
  KEY `nombre` (`nombre`,`tipo`)
) ENGINE=InnoDB AUTO_INCREMENT=14 DEFAULT CHARSET=utf8 COLLATE=utf8_spanish_ci;
/*!40101 SET character_set_client = @saved_cs_client */;

--
-- Dumping data for table `usuarios`
--

LOCK TABLES `usuarios` WRITE;
/*!40000 ALTER TABLE `usuarios` DISABLE KEYS */;
INSERT INTO `usuarios` VALUES (1,'FRANCISCO MAYO HANS','sisa','silice',0),(3,'EDGAR GONZALEZ CANCINO','egc','egc',0),(10,'IDALICIO HEREDIA CALIXTO','idalicius','idalicio',1),(11,'ARM','arm','arm',1),(12,'DAA','daa','daa',1),(13,'QAZ','qaz','qaz',1);
/*!40000 ALTER TABLE `usuarios` ENABLE KEYS */;
UNLOCK TABLES;
/*!40103 SET TIME_ZONE=@OLD_TIME_ZONE */;

/*!40101 SET SQL_MODE=@OLD_SQL_MODE */;
/*!40014 SET FOREIGN_KEY_CHECKS=@OLD_FOREIGN_KEY_CHECKS */;
/*!40014 SET UNIQUE_CHECKS=@OLD_UNIQUE_CHECKS */;
/*!40101 SET CHARACTER_SET_CLIENT=@OLD_CHARACTER_SET_CLIENT */;
/*!40101 SET CHARACTER_SET_RESULTS=@OLD_CHARACTER_SET_RESULTS */;
/*!40101 SET COLLATION_CONNECTION=@OLD_COLLATION_CONNECTION */;
/*!40111 SET SQL_NOTES=@OLD_SQL_NOTES */;

-- Dump completed on 2012-11-15  6:49:39
