-- MySQL dump 10.13  Distrib 5.1.61, for redhat-linux-gnu (x86_64)
--
-- Host: localhost    Database: silice
-- ------------------------------------------------------
-- Server version	5.1.61

/*!40101 SET @OLD_CHARACTER_SET_CLIENT=@@CHARACTER_SET_CLIENT */;
/*!40101 SET @OLD_CHARACTER_SET_RESULTS=@@CHARACTER_SET_RESULTS */;
/*!40101 SET @OLD_COLLATION_CONNECTION=@@COLLATION_CONNECTION */;
/*!40101 SET NAMES utf8 */;
/*!40103 SET @OLD_TIME_ZONE=@@TIME_ZONE */;
/*!40103 SET TIME_ZONE='+00:00' */;
/*!40014 SET @OLD_UNIQUE_CHECKS=@@UNIQUE_CHECKS, UNIQUE_CHECKS=0 */;
/*!40014 SET @OLD_FOREIGN_KEY_CHECKS=@@FOREIGN_KEY_CHECKS, FOREIGN_KEY_CHECKS=0 */;
/*!40101 SET @OLD_SQL_MODE=@@SQL_MODE, SQL_MODE='NO_AUTO_VALUE_ON_ZERO' */;
/*!40111 SET @OLD_SQL_NOTES=@@SQL_NOTES, SQL_NOTES=0 */;

--
-- Table structure for table `cargas`
--

DROP TABLE IF EXISTS `cargas`;
/*!40101 SET @saved_cs_client     = @@character_set_client */;
/*!40101 SET character_set_client = utf8 */;
CREATE TABLE `cargas` (
  `id` bigint(20) NOT NULL AUTO_INCREMENT,
  `load_date` datetime NOT NULL COMMENT 'fecha de carga del archivo de reporte',
  `content_date` date NOT NULL,
  `hash` varchar(256) COLLATE utf8_spanish_ci NOT NULL,
  `filename` varchar(100) COLLATE utf8_spanish_ci NOT NULL,
  `tipo` varchar(20) COLLATE utf8_spanish_ci NOT NULL,
  `user` varchar(100) COLLATE utf8_spanish_ci NOT NULL,
  `ip` varchar(20) COLLATE utf8_spanish_ci NOT NULL,
  PRIMARY KEY (`id`),
  KEY `tipo` (`tipo`),
  KEY `content` (`content_date`)
) ENGINE=InnoDB AUTO_INCREMENT=118 DEFAULT CHARSET=utf8 COLLATE=utf8_spanish_ci;
/*!40101 SET character_set_client = @saved_cs_client */;

--
-- Dumping data for table `cargas`
--

LOCK TABLES `cargas` WRITE;
/*!40000 ALTER TABLE `cargas` DISABLE KEYS */;
INSERT INTO `cargas` VALUES (76,'2012-11-15 05:22:30','2012-11-15','f53b02d07546c659cdb1a075e00eccc7','12111512.CSV','HUMEDA','arm','192.168.1.81'),(77,'2012-11-15 05:22:35','2012-11-15','826e5f2acb0689f043a4a41691e505f0','12111513.CSV','HUMEDA','arm','192.168.1.81'),(78,'2012-11-15 05:22:40','2012-11-15','f058ca21ea27961bb9d3231da85ae66b','12111514.CSV','HUMEDA','arm','192.168.1.81'),(82,'2012-11-15 05:25:06','2012-11-15','809d1a24af7b6b6109766243e1355221','12111512.CSV','SECA','arm','192.168.1.81'),(83,'2012-11-15 05:25:10','2012-11-15','c6613a19778ed3f78e4c74ca73414901','12111513.CSV','SECA','arm','192.168.1.81'),(84,'2012-11-15 05:25:14','2012-11-15','51ac6bb26e6288de07fd670081c2f9f9','12111514.CSV','SECA','arm','192.168.1.81'),(85,'2012-11-15 05:25:25','2012-11-15','3c0db9e7c6bc8219c927f30ceb608f4b','12111512.CSV','PRIMA','arm','192.168.1.81'),(86,'2012-11-15 05:25:30','2012-11-15','2841a8cd908cdfff7ae976bbe561b99c','12111513.CSV','PRIMA','arm','192.168.1.81'),(87,'2012-11-15 05:25:36','2012-11-15','6e80a0e1dbd5136b0dc883c109234f9e','12111514.CSV','PRIMA','arm','192.168.1.81'),(89,'2012-11-15 05:33:29','2012-10-11','8b98e0a1e20fb70d3b8d6f848c2334dc','12101101.CSV','HUMEDA','arm','192.168.1.81'),(90,'2012-11-15 05:33:36','2012-10-11','fec88381e80835fd53539cd213a86aef','12101102.CSV','HUMEDA','arm','192.168.1.81'),(91,'2012-11-15 05:33:46','2012-10-11','d6d46f90a86cf1eb5126930ba22f9246','12101103.CSV','HUMEDA','arm','192.168.1.81'),(92,'2012-11-15 05:33:51','2012-10-11','3e3229daba011190a6743eaeb4587bef','12101104.CSV','HUMEDA','arm','192.168.1.81'),(93,'2012-11-15 05:33:56','2012-10-11','19d129c7b22513ea7a5636feeb081676','12101105.CSV','HUMEDA','arm','192.168.1.81'),(94,'2012-11-15 05:34:01','2012-10-11','461eae3ccea2263681e8b2500175aa18','12101106.CSV','HUMEDA','arm','192.168.1.81'),(95,'2012-11-15 05:34:17','2012-10-11','7edc499c910a38528a15d2fd948a824f','12101101.CSV','SECA','arm','192.168.1.81'),(96,'2012-11-15 05:34:25','2012-10-11','18295a20bee148fd16a97d5d03d39d50','12101102.CSV','SECA','arm','192.168.1.81'),(97,'2012-11-15 05:34:34','2012-10-11','24e9204f537fc9b1275dde3dd4d7601c','12101103.CSV','SECA','arm','192.168.1.81'),(98,'2012-11-15 05:34:41','2012-10-11','75aa98e1456fc588b5dde3574fb1b295','12101104.CSV','SECA','arm','192.168.1.81'),(99,'2012-11-15 05:34:48','2012-10-11','940f9742c78cb24b1e1a6a7d9f76e001','12101105.CSV','SECA','arm','192.168.1.81'),(100,'2012-11-15 05:34:54','2012-10-11','f38fbac73e480597d421458be6611700','12101106.CSV','SECA','arm','192.168.1.81'),(101,'2012-11-15 05:35:21','2012-10-11','42adcffe999a67625141f5d2553aa777','12101101.CSV','PRIMA','arm','192.168.1.81'),(102,'2012-11-15 05:35:25','2012-10-11','4dda52d57728d798e17f723063bfab73','12101102.CSV','PRIMA','arm','192.168.1.81'),(103,'2012-11-15 05:35:32','2012-10-11','c7e9c03448ab4e6533eed31edbd10e0b','12101103.CSV','PRIMA','arm','192.168.1.81'),(104,'2012-11-15 05:35:38','2012-10-11','24f07890eaac825b8952bbfb651bfce4','12101104.CSV','PRIMA','arm','192.168.1.81'),(105,'2012-11-15 05:35:47','2012-10-11','82647ee9ded8fd62dbce9f21804bebf0','12101105.CSV','PRIMA','arm','192.168.1.81'),(106,'2012-11-15 05:35:53','2012-10-11','9d3b6751846cf5a0fe84378555d8811f','12101106.CSV','PRIMA','arm','192.168.1.81'),(107,'2012-11-15 06:39:29','2012-10-11','ef02e126c75fb6ad24450a9ce6f1db89','12101108.CSV09.CSV','HUMEDA','daa','192.168.1.81'),(108,'2012-11-15 06:39:42','2012-10-11','e1b6dab4ad147a9d1f500a94353e0552','12101109.CSV10.CSV','HUMEDA','daa','192.168.1.81'),(109,'2012-11-15 06:39:53','2012-10-11','f961283a804669cc5aa1460b3e802181','12101107.CSV','HUMEDA','daa','192.168.1.81'),(110,'2012-11-15 06:57:01','2012-10-13','f018c3b5c23b8ea7775eab55cf94a840','12101300.CSV','HUMEDA','daa','192.168.1.81'),(111,'2012-11-15 06:57:29','2012-10-13','18997c807cfd9588413562edb14b16ad','12101301.CSV','HUMEDA','daa','192.168.1.81'),(112,'2012-11-15 06:57:40','2012-10-13','36c4b009c87e6832774c05e4457caf04','12101302.CSV','HUMEDA','daa','192.168.1.81'),(113,'2012-11-15 06:58:50','2012-10-13','9c02e1d9ecc4c49b4dc0a029489c4f74','12101304.CSV','HUMEDA','daa','192.168.1.81'),(114,'2012-11-15 07:00:25','2012-10-12','db4c8e7497713292aeb2dd4fddb344eb','12101221.CSV','HUMEDA','daa','192.168.1.81'),(115,'2012-11-15 07:00:34','2012-10-12','f7a4d9eac26fcccf703870cbf3b5ce05','12101222.CSV','HUMEDA','daa','192.168.1.81'),(116,'2012-11-15 07:00:40','2012-10-12','cb5f459e30645e66dccd3a48a4c75a93','12101223.CSV','HUMEDA','daa','192.168.1.81'),(117,'2012-11-15 07:08:56','2012-10-13','fed99dab8b045cea16f0c9856aa4a984','12101303.CSV','HUMEDA','daa','192.168.1.81');
/*!40000 ALTER TABLE `cargas` ENABLE KEYS */;
UNLOCK TABLES;

--
-- Table structure for table `datos_humeda`
--

DROP TABLE IF EXISTS `datos_humeda`;
/*!40101 SET @saved_cs_client     = @@character_set_client */;
/*!40101 SET character_set_client = utf8 */;
CREATE TABLE `datos_humeda` (
  `id` bigint(20) NOT NULL AUTO_INCREMENT,
  `id_carga` bigint(20) NOT NULL,
  `date` date NOT NULL,
  `time` time NOT NULL,
  `flujo` float NOT NULL,
  `carga` float NOT NULL,
  `velocidad` float NOT NULL,
  `total1` float NOT NULL,
  `total2` float NOT NULL,
  PRIMARY KEY (`id`),
  KEY `datos_humeda_fk_1` (`id_carga`),
  CONSTRAINT `datos_humeda_fk_1` FOREIGN KEY (`id_carga`) REFERENCES `cargas` (`id`) ON DELETE CASCADE ON UPDATE CASCADE
) ENGINE=InnoDB AUTO_INCREMENT=2647 DEFAULT CHARSET=utf8 COLLATE=utf8_spanish_ci COMMENT='Datos arena humeda';
/*!40101 SET character_set_client = @saved_cs_client */;

--
-- Dumping data for table `datos_humeda`
--

LOCK TABLES `datos_humeda` WRITE;
/*!40000 ALTER TABLE `datos_humeda` DISABLE KEYS */;
INSERT INTO `datos_humeda` VALUES (1319,76,'2012-11-15','12:00:00',0,94965.4,0,22493.3,0),(1320,76,'2012-11-15','12:01:00',0,94965.4,0,22493.3,0),(1321,76,'2012-11-15','12:02:00',0,94965.4,0,22493.3,0),(1322,76,'2012-11-15','12:03:00',0,94965.4,0,22493.3,0),(1323,76,'2012-11-15','12:04:00',0,94965.4,0,22493.3,0),(1324,76,'2012-11-15','12:05:00',0,94965.4,0,22493.3,0),(1325,76,'2012-11-15','12:06:00',0,94965.4,0,22493.3,0),(1326,76,'2012-11-15','12:07:00',0,94965.4,0,22493.3,0),(1327,76,'2012-11-15','12:08:00',0,94965.4,0,22493.3,0),(1328,76,'2012-11-15','12:09:00',0,94965.4,0,22493.3,0),(1329,76,'2012-11-15','12:10:00',0,94965.4,0,22493.3,0),(1330,76,'2012-11-15','12:11:00',0,94965.4,0,22493.3,0),(1331,76,'2012-11-15','12:12:00',0,94965.4,0,22493.3,0),(1332,76,'2012-11-15','12:13:00',0,94965.4,0,22493.3,0),(1333,76,'2012-11-15','12:14:00',0,94965.4,0,22493.3,0),(1334,76,'2012-11-15','12:15:00',0,94965.4,0,22493.3,0),(1335,76,'2012-11-15','12:16:00',0,94965.4,0,22493.3,0),(1336,76,'2012-11-15','12:17:00',0,94965.4,0,22493.3,0),(1337,76,'2012-11-15','12:18:00',0,94965.4,0,22493.3,0),(1338,76,'2012-11-15','12:19:00',0,94965.4,0,22493.3,0),(1339,76,'2012-11-15','12:20:00',0,94965.4,0,22493.3,0),(1340,76,'2012-11-15','12:21:00',0,94965.4,0,22493.3,0),(1341,76,'2012-11-15','12:22:00',0,94965.4,0,22493.3,0),(1342,76,'2012-11-15','12:23:00',0,94965.4,0,22493.3,0),(1343,76,'2012-11-15','12:24:00',0,94965.4,0,22493.3,0),(1344,76,'2012-11-15','12:25:00',0,94965.4,0,22493.3,0),(1345,76,'2012-11-15','12:26:00',0,94965.4,0,22493.3,0),(1346,76,'2012-11-15','12:27:00',0,94965.4,0,22493.3,0),(1347,76,'2012-11-15','12:28:00',0,94965.4,0,22493.3,0),(1348,76,'2012-11-15','12:29:00',0,94965.4,0,22493.3,0),(1349,76,'2012-11-15','12:30:00',0,94965.4,0,22493.3,0),(1350,76,'2012-11-15','12:31:00',0,94965.4,0,22493.3,0),(1351,76,'2012-11-15','12:32:00',0,94965.4,0,22493.3,0),(1352,76,'2012-11-15','12:33:00',0,94965.4,0,22493.3,0),(1353,76,'2012-11-15','12:34:00',0,94965.4,0,22493.3,0),(1354,76,'2012-11-15','12:35:00',0,94965.5,0,22493.3,0),(1355,76,'2012-11-15','12:36:00',0,94965.4,0,22493.3,0),(1356,76,'2012-11-15','12:37:00',0,94965.4,0,22493.3,0),(1357,76,'2012-11-15','12:38:00',0,94965.4,0,22493.3,0),(1358,76,'2012-11-15','12:39:00',0,94965.4,0,22493.3,0),(1359,76,'2012-11-15','12:40:00',0,94965.4,0,22493.3,0),(1360,76,'2012-11-15','12:41:00',0,94965.4,0,22493.3,0),(1361,76,'2012-11-15','12:42:00',0,94965.4,0,22493.3,0),(1362,76,'2012-11-15','12:43:00',0,94965.5,0,22493.3,0),(1363,76,'2012-11-15','12:44:00',0,94965.4,0,22493.3,0),(1364,76,'2012-11-15','12:45:00',0,94965.4,0,22493.3,0),(1365,76,'2012-11-15','12:46:00',0,94965.4,0,22493.3,0),(1366,76,'2012-11-15','12:47:00',0,94965.4,0,22493.3,0),(1367,76,'2012-11-15','12:48:00',0,94965.4,0,22493.3,0),(1368,76,'2012-11-15','12:49:00',0,94965.4,0,22493.3,0),(1369,76,'2012-11-15','12:50:00',0,94965.4,0,22493.3,0),(1370,76,'2012-11-15','12:51:00',0,94965.4,0,22493.3,0),(1371,76,'2012-11-15','12:52:00',0,94965.4,0,22493.3,0),(1372,76,'2012-11-15','12:53:00',0,94965.5,0,22493.3,0),(1373,76,'2012-11-15','12:54:00',0,94965.4,0,22493.3,0),(1374,76,'2012-11-15','12:55:00',0,94965.4,0,22493.3,0),(1375,76,'2012-11-15','12:56:00',0,94965.4,0,22493.3,0),(1376,76,'2012-11-15','12:57:00',0,94965.4,0,22493.3,0),(1377,76,'2012-11-15','12:58:00',0,94965.4,0,22493.3,0),(1378,76,'2012-11-15','12:59:00',0,94965.4,0,22493.3,0),(1379,77,'2012-11-15','13:00:00',0,94965.4,0,22493.3,0),(1380,77,'2012-11-15','13:01:00',0,94965.4,0,22493.3,0),(1381,77,'2012-11-15','13:02:00',0,94965.4,0,22493.3,0),(1382,77,'2012-11-15','13:03:00',0,94965.4,0,22493.3,0),(1383,77,'2012-11-15','13:04:00',0,94965.4,0,22493.3,0),(1384,77,'2012-11-15','13:05:00',0,94965.4,0,22493.3,0),(1385,77,'2012-11-15','13:06:00',0,94965.4,0,22493.3,0),(1386,77,'2012-11-15','13:07:00',0,94965.4,0,22493.3,0),(1387,77,'2012-11-15','13:08:00',0,94965.4,0,22493.3,0),(1388,77,'2012-11-15','13:09:00',0,94965.4,0,22493.3,0),(1389,77,'2012-11-15','13:10:00',0,94965.4,0,22493.3,0),(1390,77,'2012-11-15','13:11:00',0,94965.4,0,22493.3,0),(1391,77,'2012-11-15','13:12:00',0,94965.4,0,22493.3,0),(1392,77,'2012-11-15','13:13:00',0,94965.4,0,22493.3,0),(1393,77,'2012-11-15','13:14:00',0,94965.4,0,22493.3,0),(1394,77,'2012-11-15','13:15:00',0,94965.4,0,22493.3,0),(1395,77,'2012-11-15','13:16:00',0,94965.4,0,22493.3,0),(1396,77,'2012-11-15','13:17:00',0,94965.4,0,22493.3,0),(1397,77,'2012-11-15','13:18:00',0,94965.4,0,22493.3,0),(1398,77,'2012-11-15','13:19:00',0,94965.4,0,22493.3,0),(1399,77,'2012-11-15','13:20:00',0,94965.4,0,22493.3,0),(1400,77,'2012-11-15','13:21:00',0,94965.4,0,22493.3,0),(1401,77,'2012-11-15','13:22:00',0,94965.4,0,22493.3,0),(1402,77,'2012-11-15','13:23:00',0,94965.4,0,22493.3,0),(1403,77,'2012-11-15','13:24:00',0,94965.4,0,22493.3,0),(1404,77,'2012-11-15','13:25:00',0,94965.4,0,22493.3,0),(1405,77,'2012-11-15','13:26:00',0,94965.4,0,22493.3,0),(1406,77,'2012-11-15','13:27:00',0,94965.4,0,22493.3,0),(1407,77,'2012-11-15','13:28:00',0,94965.4,0,22493.3,0),(1408,77,'2012-11-15','13:29:00',0,94965.4,0,22493.3,0),(1409,77,'2012-11-15','13:30:00',0,94965.4,0,22493.3,0),(1410,77,'2012-11-15','13:31:00',0,94965.4,0,22493.3,0),(1411,77,'2012-11-15','13:32:00',0,94965.4,0,22493.3,0),(1412,77,'2012-11-15','13:33:00',0,94965.4,0,22493.3,0),(1413,77,'2012-11-15','13:34:00',0,94965.4,0,22493.3,0),(1414,77,'2012-11-15','13:35:00',0,94965.4,0,22493.3,0),(1415,77,'2012-11-15','13:36:00',0,94965.4,0,22493.3,0),(1416,77,'2012-11-15','13:37:00',0,94965.4,0,22493.3,0),(1417,77,'2012-11-15','13:38:00',0,94965.4,0,22493.3,0),(1418,77,'2012-11-15','13:39:00',0,94965.4,0,22493.3,0),(1419,77,'2012-11-15','13:40:00',0,94965.4,0,22493.3,0),(1420,77,'2012-11-15','13:41:00',0,94965.4,0,22493.3,0),(1421,77,'2012-11-15','13:42:00',0,94965.4,0,22493.3,0),(1422,77,'2012-11-15','13:43:00',0,94965.4,0,22493.3,0),(1423,77,'2012-11-15','13:44:00',0,94965.4,0,22493.3,0),(1424,77,'2012-11-15','13:45:00',0,94965.4,0,22493.3,0),(1425,77,'2012-11-15','13:46:00',0,94965.4,0,22493.3,0),(1426,77,'2012-11-15','13:47:00',0,94965.4,0,22493.3,0),(1427,77,'2012-11-15','13:48:00',0,94965.4,0,22493.3,0),(1428,77,'2012-11-15','13:49:00',0,94965.4,0,22493.3,0),(1429,77,'2012-11-15','13:50:00',0,94965.4,0,22493.3,0),(1430,77,'2012-11-15','13:51:00',0,94965.4,0,22493.3,0),(1431,77,'2012-11-15','13:52:00',0,94965.4,0,22493.3,0),(1432,77,'2012-11-15','13:53:00',0,94965.4,0,22493.3,0),(1433,77,'2012-11-15','13:54:00',0,94965.4,0,22493.3,0),(1434,77,'2012-11-15','13:55:00',0,94965.4,0,22493.3,0),(1435,77,'2012-11-15','13:56:00',0,94965.4,0,22493.3,0),(1436,77,'2012-11-15','13:57:00',0,94965.4,0,22493.3,0),(1437,77,'2012-11-15','13:58:00',0,94965.4,0,22493.3,0),(1438,77,'2012-11-15','13:59:00',0,94965.3,0,22493.3,0),(1439,78,'2012-11-15','14:00:00',0,94965.4,0,22493.3,0),(1440,78,'2012-11-15','14:01:00',0,94965.4,0,22493.3,0),(1441,78,'2012-11-15','14:02:00',0,94965.3,0,22493.3,0),(1442,78,'2012-11-15','14:03:00',0,94965.4,0,22493.3,0),(1443,78,'2012-11-15','14:04:00',0,94965.4,0,22493.3,0),(1444,78,'2012-11-15','14:05:00',0,94965.4,0,22493.3,0),(1445,78,'2012-11-15','14:06:00',0,94965.4,0,22493.3,0),(1446,78,'2012-11-15','14:07:00',0,94965.3,0,22493.3,0),(1447,78,'2012-11-15','14:08:00',0,94965.4,0,22493.3,0),(1448,78,'2012-11-15','14:09:00',0,94965.4,0,22493.3,0),(1449,78,'2012-11-15','14:10:00',0,94965.3,0,22493.3,0),(1450,78,'2012-11-15','14:11:00',0,94965.3,0,22493.3,0),(1451,78,'2012-11-15','14:12:00',0,94965.4,0,22493.3,0),(1452,78,'2012-11-15','14:13:00',0,94965.3,0,22493.3,0),(1453,78,'2012-11-15','14:14:00',0,94965.3,0,22493.3,0),(1454,78,'2012-11-15','14:15:00',0,94965.4,0,22493.3,0),(1455,78,'2012-11-15','14:16:00',0,94965.3,0,22493.3,0),(1456,78,'2012-11-15','14:17:00',0,94965.3,0,22493.3,0),(1457,78,'2012-11-15','14:18:00',0,94965.3,0,22493.3,0),(1458,78,'2012-11-15','14:19:00',0,94965.3,0,22493.3,0),(1459,78,'2012-11-15','14:20:00',0,94965.3,0,22493.3,0),(1460,78,'2012-11-15','14:21:00',0,94965.4,0,22493.3,0),(1461,78,'2012-11-15','14:22:00',0,94965.4,0,22493.3,0),(1462,78,'2012-11-15','14:23:00',0,94965.4,0,22493.3,0),(1463,78,'2012-11-15','14:24:00',0,94965.4,0,22493.3,0),(1464,78,'2012-11-15','14:25:00',0,94965.4,0,22493.3,0),(1465,78,'2012-11-15','14:26:00',0,94965.4,0,22493.3,0),(1466,78,'2012-11-15','14:27:00',0,94965.4,0,22493.3,0),(1467,78,'2012-11-15','14:28:00',0,94965.4,0,22493.3,0),(1468,78,'2012-11-15','14:29:00',0,94965.4,0,22493.3,0),(1469,78,'2012-11-15','14:30:00',0,94965.4,0,22493.3,0),(1470,78,'2012-11-15','14:31:00',0,94965.4,0,22493.3,0),(1471,78,'2012-11-15','14:32:00',0,94965.4,0,22493.3,0),(1472,78,'2012-11-15','14:33:00',0,94965.4,0,22493.3,0),(1473,78,'2012-11-15','14:34:00',0,94965.4,0,22493.3,0),(1474,78,'2012-11-15','14:35:00',0,94965.4,0,22493.3,0),(1475,78,'2012-11-15','14:36:00',0,94965.4,0,22493.3,0),(1476,78,'2012-11-15','14:37:00',0,94965.4,0,22493.3,0),(1477,78,'2012-11-15','14:38:00',0,94965.4,0,22493.3,0),(1478,78,'2012-11-15','14:39:00',0,94965.4,0,22493.3,0),(1479,78,'2012-11-15','14:40:00',0,94965.4,0,22493.3,0),(1480,78,'2012-11-15','14:41:00',0,94965.4,0,22493.3,0),(1481,78,'2012-11-15','14:42:00',0,94965.4,0,22493.3,0),(1482,78,'2012-11-15','14:43:00',0,94965.4,0,22493.3,0),(1483,78,'2012-11-15','14:44:00',0,94965.4,0,22493.3,0),(1484,78,'2012-11-15','14:45:00',0,94965.4,0,22493.3,0),(1485,78,'2012-11-15','14:46:00',0,94965.4,0,22493.3,0),(1486,78,'2012-11-15','14:47:00',0,94965.4,0,22493.3,0),(1487,78,'2012-11-15','14:48:00',0,94965.4,0,22493.3,0),(1488,78,'2012-11-15','14:49:00',0,94965.4,0,22493.3,0),(1489,78,'2012-11-15','14:50:00',0,94965.4,0,22493.3,0),(1490,78,'2012-11-15','14:51:00',0,94965.4,0,22493.3,0),(1491,78,'2012-11-15','14:52:00',0,94965.4,0,22493.3,0),(1492,78,'2012-11-15','14:53:00',0,94965.4,0,22493.3,0),(1493,78,'2012-11-15','14:54:00',0,94965.4,0,22493.3,0),(1494,78,'2012-11-15','14:55:00',0,94965.4,0,22493.3,0),(1495,78,'2012-11-15','14:56:00',0,94965.4,0,22493.3,0),(1496,78,'2012-11-15','14:57:00',0,94965.4,0,22493.3,0),(1497,78,'2012-11-15','14:58:00',0,94965.4,0,22493.3,0),(1498,78,'2012-11-15','14:59:00',0,94965.4,0,22493.3,0),(1632,89,'2012-10-11','01:00:00',94963.5,94966.2,0.981,21350.8,0),(1633,89,'2012-10-11','01:01:00',94966.5,94967.1,0.967,21350.8,0),(1634,89,'2012-10-11','01:02:00',94963.5,94966.2,1.003,21350.8,0),(1635,89,'2012-10-11','01:03:00',94964.5,94966.5,0.98,21350.8,0),(1636,89,'2012-10-11','01:04:00',94965.5,94966.8,0.978,21350.8,0),(1637,89,'2012-10-11','01:05:00',80.9,23.609,0.952,21350.9,0),(1638,89,'2012-10-11','01:06:00',19.546,5.572,0.974,21352.2,0),(1639,89,'2012-10-11','01:07:00',8.676,2.436,0.99,21352.3,0),(1640,89,'2012-10-11','01:08:00',9.135,2.558,0.992,21352.5,0),(1641,89,'2012-10-11','01:09:00',7.046,2.036,0.961,21352.7,0),(1642,89,'2012-10-11','01:10:00',10.419,3.005,0.963,21352.8,0),(1643,89,'2012-10-11','01:11:00',13.606,3.835,0.985,21352.8,0),(1644,89,'2012-10-11','01:12:00',94966.2,94967,0.989,21352.8,0),(1645,89,'2012-10-11','01:13:00',5.868,1.634,0.998,21352.9,0),(1646,89,'2012-10-11','01:14:00',0.405,0.116,0.968,21352.9,0),(1647,89,'2012-10-11','01:15:00',94965.7,94966.9,1.009,21353,0),(1648,89,'2012-10-11','01:16:00',0.712,0.2,0.988,21353,0),(1649,89,'2012-10-11','01:17:00',94964.3,94966.4,0.976,21353,0),(1650,89,'2012-10-11','01:18:00',94964.7,94966.6,0.997,21353,0),(1651,89,'2012-10-11','01:19:00',94964.9,94966.6,0.965,21353,0),(1652,89,'2012-10-11','01:20:00',94965,94966.6,0.983,21353,0),(1653,89,'2012-10-11','01:21:00',94966.2,94967,0.968,21353,0),(1654,89,'2012-10-11','01:22:00',94964.5,94966.5,0.95,21353,0),(1655,89,'2012-10-11','01:23:00',94964.9,94966.6,0.963,21353,0),(1656,89,'2012-10-11','01:24:00',94964.6,94966.5,0.982,21353,0),(1657,89,'2012-10-11','01:25:00',94965,94966.7,0.994,21353,0),(1658,89,'2012-10-11','01:26:00',2.868,0.805,0.989,21353,0),(1659,89,'2012-10-11','01:27:00',1.727,0.488,0.982,21353.1,0),(1660,89,'2012-10-11','01:28:00',94965.7,94966.9,0.994,21353.1,0),(1661,89,'2012-10-11','01:29:00',0.521,0.148,0.977,21353.1,0),(1662,89,'2012-10-11','01:30:00',94967.1,94967.2,0.959,21353.1,0),(1663,89,'2012-10-11','01:31:00',5.363,1.526,0.976,21353.2,0),(1664,89,'2012-10-11','01:32:00',5.074,1.425,0.989,21353.2,0),(1665,89,'2012-10-11','01:33:00',94965.1,94966.7,0.995,21353.3,0),(1666,89,'2012-10-11','01:34:00',94965.2,94966.7,0.974,21353.3,0),(1667,89,'2012-10-11','01:35:00',94965.1,94966.7,0.946,21353.3,0),(1668,89,'2012-10-11','01:36:00',94966.2,94966.6,0.427,21353.3,0),(1669,89,'2012-10-11','01:37:00',0,94965.9,0,21353.3,0),(1670,89,'2012-10-11','01:38:00',0,94965.9,0,21353.3,0),(1671,89,'2012-10-11','01:39:00',0,94965.9,0,21353.3,0),(1672,89,'2012-10-11','01:40:00',0,94965.9,0,21353.3,0),(1673,89,'2012-10-11','01:41:00',0,94965.9,0,21353.3,0),(1674,89,'2012-10-11','01:42:00',0,94965.9,0,21353.3,0),(1675,89,'2012-10-11','01:43:00',0,94965.9,0,21353.3,0),(1676,89,'2012-10-11','01:44:00',0,94965.9,0,21353.3,0),(1677,89,'2012-10-11','01:45:00',0,94965.9,0,21353.3,0),(1678,89,'2012-10-11','01:46:00',0,94965.9,0,21353.3,0),(1679,89,'2012-10-11','01:47:00',0,94965.9,0,21353.3,0),(1680,89,'2012-10-11','01:48:00',0,94965.9,0,21353.3,0),(1681,89,'2012-10-11','01:49:00',0,94965.9,0,21353.3,0),(1682,89,'2012-10-11','01:50:00',0,94965.9,0,21353.3,0),(1683,89,'2012-10-11','01:51:00',0,94965.9,0,21353.3,0),(1684,89,'2012-10-11','01:52:00',0,94965.9,0,21353.3,0),(1685,89,'2012-10-11','01:53:00',64.715,17.46,0.962,21353.6,0),(1686,89,'2012-10-11','01:54:00',56.112,15.813,0.986,21354.7,0),(1687,89,'2012-10-11','01:55:00',28.005,8.002,0.972,21355,0),(1688,89,'2012-10-11','01:56:00',94966.6,94967.1,0.993,21355.1,0),(1689,89,'2012-10-11','01:57:00',94964.1,94966.4,0.998,21355.2,0),(1690,89,'2012-10-11','01:58:00',94965.5,94966.8,0.97,21355.2,0),(1691,89,'2012-10-11','01:59:00',94965.7,94966.8,0.959,21355.2,0),(1692,90,'2012-10-11','02:00:00',94963.6,94966.2,0.97,21355.2,0),(1693,90,'2012-10-11','02:01:00',94964.9,94966.6,0.977,21355.2,0),(1694,90,'2012-10-11','02:02:00',94963.9,94966.3,0.989,21355.2,0),(1695,90,'2012-10-11','02:03:00',94965.4,94966.8,0.982,21355.2,0),(1696,90,'2012-10-11','02:04:00',94965.3,94966.8,0.988,21355.2,0),(1697,90,'2012-10-11','02:05:00',94963.4,94966.2,0.992,21355.2,0),(1698,90,'2012-10-11','02:06:00',94965.9,94966.9,0.973,21355.2,0),(1699,90,'2012-10-11','02:07:00',94963.4,94966.2,0.995,21355.2,0),(1700,90,'2012-10-11','02:08:00',0,94966.2,0,21355.2,0),(1701,90,'2012-10-11','02:09:00',0,94966.2,0,21355.2,0),(1702,90,'2012-10-11','02:10:00',0,94966.2,0,21355.2,0),(1703,90,'2012-10-11','02:11:00',0,94966.2,0,21355.2,0),(1704,90,'2012-10-11','02:12:00',0,94966.2,0,21355.2,0),(1705,90,'2012-10-11','02:13:00',0,94966.2,0,21355.2,0),(1706,90,'2012-10-11','02:14:00',0,94966.2,0,21355.2,0),(1707,90,'2012-10-11','02:15:00',0,94966.2,0,21355.2,0),(1708,90,'2012-10-11','02:16:00',0,94966.2,0,21355.2,0),(1709,90,'2012-10-11','02:17:00',0,94966.2,0,21355.2,0),(1710,90,'2012-10-11','02:18:00',0,94966.2,0,21355.2,0),(1711,90,'2012-10-11','02:19:00',0,94966.2,0,21355.2,0),(1712,90,'2012-10-11','02:20:00',0,94966.2,0,21355.2,0),(1713,90,'2012-10-11','02:21:00',0,94966.2,0,21355.2,0),(1714,90,'2012-10-11','02:22:00',0,94966.2,0,21355.2,0),(1715,90,'2012-10-11','02:23:00',0,94966.2,0,21355.2,0),(1716,90,'2012-10-11','02:24:00',0,94966.2,0,21355.2,0),(1717,90,'2012-10-11','02:25:00',0,94966.2,0,21355.2,0),(1718,90,'2012-10-11','02:26:00',0,94966.2,0,21355.2,0),(1719,90,'2012-10-11','02:27:00',0,94966.2,0,21355.2,0),(1720,90,'2012-10-11','02:28:00',0,94966.2,0,21355.2,0),(1721,90,'2012-10-11','02:29:00',0,94966.2,0,21355.2,0),(1722,90,'2012-10-11','02:30:00',0,94966.2,0,21355.2,0),(1723,90,'2012-10-11','02:31:00',0,94966.2,0,21355.2,0),(1724,90,'2012-10-11','02:32:00',0,94966.2,0,21355.2,0),(1725,90,'2012-10-11','02:33:00',0,94966.2,0,21355.2,0),(1726,90,'2012-10-11','02:34:00',0,94966.3,0,21355.2,0),(1727,90,'2012-10-11','02:35:00',0,94966.2,0,21355.2,0),(1728,90,'2012-10-11','02:36:00',0,94966.2,0,21355.2,0),(1729,90,'2012-10-11','02:37:00',0,94966.3,0,21355.2,0),(1730,90,'2012-10-11','02:38:00',0,94966.3,0,21355.2,0),(1731,90,'2012-10-11','02:39:00',0,94966.3,0,21355.2,0),(1732,90,'2012-10-11','02:40:00',0,94966.3,0,21355.2,0),(1733,90,'2012-10-11','02:41:00',0,94966.2,0,21355.2,0),(1734,90,'2012-10-11','02:42:00',0,94966.2,0,21355.2,0),(1735,90,'2012-10-11','02:43:00',0,94966.3,0,21355.2,0),(1736,90,'2012-10-11','02:44:00',0,94966.2,0,21355.2,0),(1737,90,'2012-10-11','02:45:00',0,94966.2,0,21355.2,0),(1738,90,'2012-10-11','02:46:00',0,94966.3,0,21355.2,0),(1739,90,'2012-10-11','02:47:00',0,94966.3,0,21355.2,0),(1740,90,'2012-10-11','02:48:00',0,94966.3,0,21355.2,0),(1741,90,'2012-10-11','02:49:00',0,94966.3,0,21355.2,0),(1742,90,'2012-10-11','02:50:00',0,94966.3,0,21355.2,0),(1743,90,'2012-10-11','02:51:00',0,94966.3,0,21355.2,0),(1744,90,'2012-10-11','02:52:00',0,94966.3,0,21355.2,0),(1745,90,'2012-10-11','02:53:00',0,94966.3,0,21355.2,0),(1746,90,'2012-10-11','02:54:00',0,94966.4,0,21355.2,0),(1747,90,'2012-10-11','02:55:00',0,94966.4,0,21355.2,0),(1748,90,'2012-10-11','02:56:00',0,94966.4,0,21355.2,0),(1749,90,'2012-10-11','02:57:00',0,94966.4,0,21355.2,0),(1750,90,'2012-10-11','02:58:00',0,94966.4,0,21355.2,0),(1751,90,'2012-10-11','02:59:00',0,94966.4,0,21355.2,0),(1752,91,'2012-10-11','03:00:00',0,94966.4,0,21355.2,0),(1753,91,'2012-10-11','03:01:00',0,94966.4,0,21355.2,0),(1754,91,'2012-10-11','03:02:00',0,94966.4,0,21355.2,0),(1755,91,'2012-10-11','03:03:00',0,94966.4,0,21355.2,0),(1756,91,'2012-10-11','03:04:00',0,94966.4,0,21355.2,0),(1757,91,'2012-10-11','03:05:00',0,94966.4,0,21355.2,0),(1758,91,'2012-10-11','03:06:00',0,94966.4,0,21355.2,0),(1759,91,'2012-10-11','03:07:00',0,94966.4,0,21355.2,0),(1760,91,'2012-10-11','03:08:00',0,94966.4,0,21355.2,0),(1761,91,'2012-10-11','03:09:00',0,94966.4,0,21355.2,0),(1762,91,'2012-10-11','03:10:00',0,94966.4,0,21355.2,0),(1763,91,'2012-10-11','03:11:00',0,94966.4,0,21355.2,0),(1764,91,'2012-10-11','03:12:00',0,94966.4,0,21355.2,0),(1765,91,'2012-10-11','03:13:00',0,94966.4,0,21355.2,0),(1766,91,'2012-10-11','03:14:00',0,94966.4,0,21355.2,0),(1767,91,'2012-10-11','03:15:00',0,94966.4,0,21355.2,0),(1768,91,'2012-10-11','03:16:00',0,94966.4,0,21355.2,0),(1769,91,'2012-10-11','03:17:00',0,94966.4,0,21355.2,0),(1770,91,'2012-10-11','03:18:00',0,94966.4,0,21355.2,0),(1771,91,'2012-10-11','03:19:00',0,94966.4,0,21355.2,0),(1772,91,'2012-10-11','03:20:00',0,94966.4,0,21355.2,0),(1773,91,'2012-10-11','03:21:00',0,94966.4,0,21355.2,0),(1774,91,'2012-10-11','03:22:00',0,94966.4,0,21355.2,0),(1775,91,'2012-10-11','03:23:00',0,94966.4,0,21355.2,0),(1776,91,'2012-10-11','03:24:00',0,94966.4,0,21355.2,0),(1777,91,'2012-10-11','03:25:00',0,94966.4,0,21355.2,0),(1778,91,'2012-10-11','03:26:00',0,94966.4,0,21355.2,0),(1779,91,'2012-10-11','03:27:00',0,94966.3,0,21355.2,0),(1780,91,'2012-10-11','03:28:00',0,94966.3,0,21355.2,0),(1781,91,'2012-10-11','03:29:00',0,94966.3,0,21355.2,0),(1782,91,'2012-10-11','03:30:00',0,94966.3,0,21355.2,0),(1783,91,'2012-10-11','03:31:00',0,94966.3,0,21355.2,0),(1784,91,'2012-10-11','03:32:00',0,94966.3,0,21355.2,0),(1785,91,'2012-10-11','03:33:00',0,94966.3,0,21355.2,0),(1786,91,'2012-10-11','03:34:00',0,94966.3,0,21355.2,0),(1787,91,'2012-10-11','03:35:00',0,94966.3,0,21355.2,0),(1788,91,'2012-10-11','03:36:00',0,94966.3,0,21355.2,0),(1789,91,'2012-10-11','03:37:00',0,94966.3,0,21355.2,0),(1790,91,'2012-10-11','03:38:00',0,94966.3,0,21355.2,0),(1791,91,'2012-10-11','03:39:00',0,94966.3,0,21355.2,0),(1792,91,'2012-10-11','03:40:00',0,94966.3,0,21355.2,0),(1793,91,'2012-10-11','03:41:00',0,94966.3,0,21355.2,0),(1794,91,'2012-10-11','03:42:00',0,94966.3,0,21355.2,0),(1795,91,'2012-10-11','03:43:00',0,94966.3,0,21355.2,0),(1796,91,'2012-10-11','03:44:00',0,94966.3,0,21355.2,0),(1797,91,'2012-10-11','03:45:00',0,94966.3,0,21355.2,0),(1798,91,'2012-10-11','03:46:00',0,94966.3,0,21355.2,0),(1799,91,'2012-10-11','03:47:00',0,94966.3,0,21355.2,0),(1800,91,'2012-10-11','03:48:00',0,94966.3,0,21355.2,0),(1801,91,'2012-10-11','03:49:00',0,94966.3,0,21355.2,0),(1802,91,'2012-10-11','03:50:00',0,94966.3,0,21355.2,0),(1803,91,'2012-10-11','03:51:00',0,94966.3,0,21355.2,0),(1804,91,'2012-10-11','03:52:00',0,94966.3,0,21355.2,0),(1805,91,'2012-10-11','03:53:00',0,94966.3,0,21355.2,0),(1806,91,'2012-10-11','03:54:00',0,94966.3,0,21355.2,0),(1807,91,'2012-10-11','03:55:00',0,94966.3,0,21355.2,0),(1808,91,'2012-10-11','03:56:00',0,94966.3,0,21355.2,0),(1809,91,'2012-10-11','03:57:00',0,94966.3,0,21355.2,0),(1810,91,'2012-10-11','03:58:00',0,94966.3,0,21355.2,0),(1811,91,'2012-10-11','03:59:00',0,94966.3,0,21355.2,0),(1812,92,'2012-10-11','04:00:00',0,94966.3,0,21355.2,0),(1813,92,'2012-10-11','04:01:00',0,94966.3,0,21355.2,0),(1814,92,'2012-10-11','04:02:00',0,94966.3,0,21355.2,0),(1815,92,'2012-10-11','04:03:00',0,94966.3,0,21355.2,0),(1816,92,'2012-10-11','04:04:00',0,94966.3,0,21355.2,0),(1817,92,'2012-10-11','04:05:00',76.291,21.836,0.97,21356,0),(1818,92,'2012-10-11','04:06:00',11.877,3.451,0.956,21356.4,0),(1819,92,'2012-10-11','04:07:00',10.641,3.061,0.966,21356.7,0),(1820,92,'2012-10-11','04:08:00',68.859,19.873,0.962,21357.9,0),(1821,92,'2012-10-11','04:09:00',14.705,4.111,0.994,21358.3,0),(1822,92,'2012-10-11','04:10:00',14.66,4.207,0.968,21358.6,0),(1823,92,'2012-10-11','04:11:00',94964.4,94966.5,0.994,21358.8,0),(1824,92,'2012-10-11','04:12:00',94965,94966.6,0.976,21358.8,0),(1825,92,'2012-10-11','04:13:00',0,94966.2,0,21358.8,0),(1826,92,'2012-10-11','04:14:00',0,94966.2,0,21358.8,0),(1827,92,'2012-10-11','04:15:00',0,94966.2,0,21358.8,0),(1828,92,'2012-10-11','04:16:00',0,94966.2,0,21358.8,0),(1829,92,'2012-10-11','04:17:00',0,94966.2,0,21358.8,0),(1830,92,'2012-10-11','04:18:00',0,94966.2,0,21358.8,0),(1831,92,'2012-10-11','04:19:00',0,94966.2,0,21358.8,0),(1832,92,'2012-10-11','04:20:00',0,94966.1,0,21358.8,0),(1833,92,'2012-10-11','04:21:00',0,94966.1,0,21358.8,0),(1834,92,'2012-10-11','04:22:00',0,94966.1,0,21358.8,0),(1835,92,'2012-10-11','04:23:00',0,94966.1,0,21358.8,0),(1836,92,'2012-10-11','04:24:00',0,94966.1,0,21358.8,0),(1837,92,'2012-10-11','04:25:00',0,94966.1,0,21358.8,0),(1838,92,'2012-10-11','04:26:00',0,94966.1,0,21358.8,0),(1839,92,'2012-10-11','04:27:00',0,94966.1,0,21358.8,0),(1840,92,'2012-10-11','04:28:00',0,94966.1,0,21358.8,0),(1841,92,'2012-10-11','04:29:00',0,94966.1,0,21358.8,0),(1842,92,'2012-10-11','04:30:00',0,94966.1,0,21358.8,0),(1843,92,'2012-10-11','04:31:00',0,94966.1,0,21358.8,0),(1844,92,'2012-10-11','04:32:00',0,94966.1,0,21358.8,0),(1845,92,'2012-10-11','04:33:00',0,94966.1,0,21358.8,0),(1846,92,'2012-10-11','04:34:00',0,94966.1,0,21358.8,0),(1847,92,'2012-10-11','04:35:00',0,94966.1,0,21358.8,0),(1848,92,'2012-10-11','04:36:00',0,94966.1,0,21358.8,0),(1849,92,'2012-10-11','04:37:00',0,94966.1,0,21358.8,0),(1850,92,'2012-10-11','04:38:00',0,94966.1,0,21358.8,0),(1851,92,'2012-10-11','04:39:00',0,94966.1,0,21358.8,0),(1852,92,'2012-10-11','04:40:00',0,94966.1,0,21358.8,0),(1853,92,'2012-10-11','04:41:00',0,94966.1,0,21358.8,0),(1854,92,'2012-10-11','04:42:00',0,94966.1,0,21358.8,0),(1855,92,'2012-10-11','04:43:00',0,94966.1,0,21358.8,0),(1856,92,'2012-10-11','04:44:00',0,94966.1,0,21358.8,0),(1857,92,'2012-10-11','04:45:00',0,94966.1,0,21358.8,0),(1858,92,'2012-10-11','04:46:00',0,94966.1,0,21358.8,0),(1859,92,'2012-10-11','04:47:00',0,94966.1,0,21358.8,0),(1860,92,'2012-10-11','04:48:00',0,94966.1,0,21358.8,0),(1861,92,'2012-10-11','04:49:00',0,94966.1,0,21358.8,0),(1862,92,'2012-10-11','04:50:00',0,94966.1,0,21358.8,0),(1863,92,'2012-10-11','04:51:00',0,94966.1,0,21358.8,0),(1864,92,'2012-10-11','04:52:00',0,94966.1,0,21358.8,0),(1865,92,'2012-10-11','04:53:00',0,94966.1,0,21358.8,0),(1866,92,'2012-10-11','04:54:00',0,94966.1,0,21358.8,0),(1867,92,'2012-10-11','04:55:00',70.762,20.406,0.963,21359.6,0),(1868,92,'2012-10-11','04:56:00',33.31,9.72,0.952,21360.5,0),(1869,92,'2012-10-11','04:57:00',0.571,0.161,0.985,21360.7,0),(1870,92,'2012-10-11','04:58:00',3.875,1.14,0.944,21360.7,0),(1871,92,'2012-10-11','04:59:00',8.54,2.362,1.004,21360.7,0),(1872,93,'2012-10-11','05:00:00',94967.2,94967.3,0.995,21360.8,0),(1873,93,'2012-10-11','05:01:00',94966.8,94967.2,0.984,21360.8,0),(1874,93,'2012-10-11','05:02:00',94965,94966.7,0.993,21360.8,0),(1875,93,'2012-10-11','05:03:00',0.165,0.047,0.983,21360.8,0),(1876,93,'2012-10-11','05:04:00',94965.7,94966.8,0.994,21360.8,0),(1877,93,'2012-10-11','05:05:00',94963.7,94966.3,0.996,21360.8,0),(1878,93,'2012-10-11','05:06:00',94964,94966.4,0.974,21360.8,0),(1879,93,'2012-10-11','05:07:00',94965.5,94966.8,0.972,21360.8,0),(1880,93,'2012-10-11','05:08:00',94965,94966.6,0.974,21360.8,0),(1881,93,'2012-10-11','05:09:00',94963.9,94966.4,0.998,21360.8,0),(1882,93,'2012-10-11','05:10:00',94963.5,94966.2,0.966,21360.8,0),(1883,93,'2012-10-11','05:11:00',94964.2,94966.4,0.982,21360.8,0),(1884,93,'2012-10-11','05:12:00',94966,94966.9,0.982,21360.8,0),(1885,93,'2012-10-11','05:13:00',94964.9,94966.6,0.991,21360.8,0),(1886,93,'2012-10-11','05:14:00',73.023,20.736,0.978,21361.6,0),(1887,93,'2012-10-11','05:15:00',47.856,13.78,0.965,21362.4,0),(1888,93,'2012-10-11','05:16:00',20.353,5.822,0.971,21362.8,0),(1889,93,'2012-10-11','05:17:00',21.531,6.075,0.984,21363.2,0),(1890,93,'2012-10-11','05:18:00',24.466,6.95,0.978,21363.6,0),(1891,93,'2012-10-11','05:19:00',27.003,7.588,0.989,21364,0),(1892,93,'2012-10-11','05:20:00',94965.9,94966.9,0.954,21364.4,0),(1893,93,'2012-10-11','05:21:00',94964,94966.4,0.993,21364.4,0),(1894,93,'2012-10-11','05:22:00',94963.6,94966.3,0.998,21364.4,0),(1895,93,'2012-10-11','05:23:00',94964.4,94966.5,0.963,21364.4,0),(1896,93,'2012-10-11','05:24:00',94964.4,94966.5,0.99,21364.4,0),(1897,93,'2012-10-11','05:25:00',94965.6,94966.8,0.98,21364.4,0),(1898,93,'2012-10-11','05:26:00',94963.8,94966.3,0.988,21364.4,0),(1899,93,'2012-10-11','05:27:00',94962.4,94965.9,0.999,21364.4,0),(1900,93,'2012-10-11','05:28:00',94964.1,94966.4,0.968,21364.4,0),(1901,93,'2012-10-11','05:29:00',94964.2,94966.4,0.964,21364.4,0),(1902,93,'2012-10-11','05:30:00',94965.2,94966.7,0.972,21364.4,0),(1903,93,'2012-10-11','05:31:00',94963.6,94966.2,0.987,21364.4,0),(1904,93,'2012-10-11','05:32:00',94963.8,94966.3,0.984,21364.4,0),(1905,93,'2012-10-11','05:33:00',94964.3,94966.5,0.993,21364.4,0),(1906,93,'2012-10-11','05:34:00',94963.8,94966.3,0.976,21364.4,0),(1907,93,'2012-10-11','05:35:00',94964.8,94966.6,1.008,21364.4,0),(1908,93,'2012-10-11','05:36:00',94964.1,94966.4,0.985,21364.4,0),(1909,93,'2012-10-11','05:37:00',94963.8,94966.3,0.978,21364.4,0),(1910,93,'2012-10-11','05:38:00',94964.6,94966.5,0.964,21364.4,0),(1911,93,'2012-10-11','05:39:00',94964.8,94966.6,0.975,21364.4,0),(1912,93,'2012-10-11','05:40:00',94964.4,94966.5,0.982,21364.4,0),(1913,93,'2012-10-11','05:41:00',94964.1,94966.4,1.009,21364.4,0),(1914,93,'2012-10-11','05:42:00',94964.8,94966.6,0.979,21364.4,0),(1915,93,'2012-10-11','05:43:00',94964.3,94966.5,0.985,21364.4,0),(1916,93,'2012-10-11','05:44:00',94964.6,94966.5,0.997,21364.4,0),(1917,93,'2012-10-11','05:45:00',94963.9,94966.3,0.989,21364.4,0),(1918,93,'2012-10-11','05:46:00',94964.4,94966.5,0.977,21364.4,0),(1919,93,'2012-10-11','05:47:00',94964.6,94966.5,0.982,21364.4,0),(1920,93,'2012-10-11','05:48:00',94964.1,94966.4,0.985,21364.4,0),(1921,93,'2012-10-11','05:49:00',94964.5,94966.5,0.966,21364.4,0),(1922,93,'2012-10-11','05:50:00',94964.5,94966.5,0.972,21364.4,0),(1923,93,'2012-10-11','05:51:00',94964.5,94966.5,0.985,21364.4,0),(1924,93,'2012-10-11','05:52:00',94965,94966.6,0.97,21364.4,0),(1925,93,'2012-10-11','05:53:00',94964.6,94966.5,0.98,21364.4,0),(1926,93,'2012-10-11','05:54:00',94964.9,94966.6,0.995,21364.4,0),(1927,93,'2012-10-11','05:55:00',94964.8,94966.6,0.97,21364.4,0),(1928,93,'2012-10-11','05:56:00',63.894,18.171,0.977,21364.8,0),(1929,93,'2012-10-11','05:57:00',62.474,17.962,0.966,21365.8,0),(1930,93,'2012-10-11','05:58:00',61.28,17.703,0.962,21366.9,0),(1931,93,'2012-10-11','05:59:00',66.78,19.144,0.969,21368,0),(1932,94,'2012-10-11','06:00:00',72.138,20.823,0.962,21369.1,0),(1933,94,'2012-10-11','06:01:00',61.432,17.546,0.973,21370.2,0),(1934,94,'2012-10-11','06:02:00',65.68,18.983,0.961,21371.4,0),(1935,94,'2012-10-11','06:03:00',65.558,18.919,0.963,21372.6,0),(1936,94,'2012-10-11','06:04:00',94964.3,94966.4,0.987,21372.9,0),(1937,94,'2012-10-11','06:05:00',94965.1,94966.7,0.969,21372.9,0),(1938,94,'2012-10-11','06:06:00',0,94965.9,0,21372.9,0),(1939,94,'2012-10-11','06:07:00',0,94965.9,0,21372.9,0),(1940,94,'2012-10-11','06:08:00',0,94965.8,0,21372.9,0),(1941,94,'2012-10-11','06:09:00',0,94965.8,0,21372.9,0),(1942,94,'2012-10-11','06:10:00',0,94965.8,0,21372.9,0),(1943,94,'2012-10-11','06:11:00',0,94965.8,0,21372.9,0),(1944,94,'2012-10-11','06:12:00',0,94965.9,0,21372.9,0),(1945,94,'2012-10-11','06:13:00',100.728,29.058,0.963,21374.1,0),(1946,94,'2012-10-11','06:14:00',94961.9,94965.7,0.969,21375.5,0),(1947,94,'2012-10-11','06:15:00',9.275,2.636,0.977,21375.7,0),(1948,94,'2012-10-11','06:16:00',0.42,0.119,0.98,21375.8,0),(1949,94,'2012-10-11','06:17:00',7.083,1.969,0.999,21375.8,0),(1950,94,'2012-10-11','06:18:00',73.576,20.915,0.977,21377.1,0),(1951,94,'2012-10-11','06:19:00',34.392,9.728,0.982,21377.8,0),(1952,94,'2012-10-11','06:20:00',0.462,0.128,1.001,21378.2,0),(1953,94,'2012-10-11','06:21:00',94966.9,94967.2,0.993,21378.3,0),(1954,94,'2012-10-11','06:22:00',75.659,22.033,0.954,21379.3,0),(1955,94,'2012-10-11','06:23:00',61.31,17.626,0.966,21380.4,0),(1956,94,'2012-10-11','06:24:00',21.529,6.147,0.973,21381.1,0),(1957,94,'2012-10-11','06:25:00',8.288,2.321,0.992,21381.4,0),(1958,94,'2012-10-11','06:26:00',94964.2,94966.4,0.991,21382.2,0),(1959,94,'2012-10-11','06:27:00',94965.2,94966.7,0.97,21382.2,0),(1960,94,'2012-10-11','06:28:00',94964.3,94966.5,0.984,21382.2,0),(1961,94,'2012-10-11','06:29:00',94964,94966.4,1.006,21382.2,0),(1962,94,'2012-10-11','06:30:00',94964.4,94966.5,0.962,21382.2,0),(1963,94,'2012-10-11','06:31:00',94964.3,94966.4,0.992,21382.2,0),(1964,94,'2012-10-11','06:32:00',94964.6,94966.5,0.976,21382.2,0),(1965,94,'2012-10-11','06:33:00',94964.3,94966.5,1.002,21382.2,0),(1966,94,'2012-10-11','06:34:00',0,94965.8,0,21382.2,0),(1967,94,'2012-10-11','06:35:00',0,94965.8,0,21382.2,0),(1968,94,'2012-10-11','06:36:00',0,94965.8,0,21382.2,0),(1969,94,'2012-10-11','06:37:00',0,94965.8,0,21382.2,0),(1970,94,'2012-10-11','06:38:00',0,94965.8,0,21382.2,0),(1971,94,'2012-10-11','06:39:00',0,94965.8,0,21382.2,0),(1972,94,'2012-10-11','06:40:00',0,94965.9,0,21382.2,0),(1973,94,'2012-10-11','06:41:00',84.504,24.166,0.971,21383,0),(1974,94,'2012-10-11','06:42:00',12.549,3.504,0.995,21384,0),(1975,94,'2012-10-11','06:43:00',14.89,4.248,0.974,21384.2,0),(1976,94,'2012-10-11','06:44:00',12.728,3.613,0.979,21384.5,0),(1977,94,'2012-10-11','06:45:00',17.705,5.027,0.978,21384.7,0),(1978,94,'2012-10-11','06:46:00',11.505,3.286,0.973,21384.9,0),(1979,94,'2012-10-11','06:47:00',7.838,2.236,0.974,21385.1,0),(1980,94,'2012-10-11','06:48:00',7.357,2.081,0.982,21385.3,0),(1981,94,'2012-10-11','06:49:00',8.932,2.571,0.965,21385.5,0),(1982,94,'2012-10-11','06:50:00',12.453,3.572,0.968,21385.6,0),(1983,94,'2012-10-11','06:51:00',6.141,1.729,0.998,21385.8,0),(1984,94,'2012-10-11','06:52:00',9.564,2.707,0.981,21385.9,0),(1985,94,'2012-10-11','06:53:00',10.061,2.902,0.963,21386.1,0),(1986,94,'2012-10-11','06:54:00',9.991,2.841,0.977,21386.3,0),(1987,107,'2012-10-11','08:00:00',0,94965.8,0,21390.2,0),(1988,107,'2012-10-11','08:01:00',0,94965.9,0,21390.2,0),(1989,107,'2012-10-11','08:02:00',0,94965.9,0,21390.2,0),(1990,107,'2012-10-11','08:03:00',0,94965.9,0,21390.2,0),(1991,107,'2012-10-11','08:04:00',0,94965.9,0,21390.2,0),(1992,107,'2012-10-11','08:05:00',0,94965.9,0,21390.2,0),(1993,107,'2012-10-11','08:06:00',0,94965.9,0,21390.2,0),(1994,107,'2012-10-11','08:07:00',0,94965.9,0,21390.2,0),(1995,107,'2012-10-11','08:08:00',0,94965.9,0,21390.2,0),(1996,107,'2012-10-11','08:09:00',0,94965.9,0,21390.2,0),(1997,107,'2012-10-11','08:10:00',0,94965.9,0,21390.2,0),(1998,107,'2012-10-11','08:11:00',0,94965.9,0,21390.2,0),(1999,107,'2012-10-11','08:12:00',0,94965.9,0,21390.2,0),(2000,107,'2012-10-11','08:13:00',0,94965.9,0,21390.2,0),(2001,107,'2012-10-11','08:14:00',0,94965.9,0,21390.2,0),(2002,107,'2012-10-11','08:15:00',0,94965.9,0,21390.2,0),(2003,107,'2012-10-11','08:16:00',0,94965.9,0,21390.2,0),(2004,107,'2012-10-11','08:17:00',0,94965.9,0,21390.2,0),(2005,107,'2012-10-11','08:18:00',0,94965.9,0,21390.2,0),(2006,107,'2012-10-11','08:19:00',0,94965.9,0,21390.2,0),(2007,107,'2012-10-11','08:20:00',0,94965.9,0,21390.2,0),(2008,107,'2012-10-11','08:21:00',0,94965.9,0,21390.2,0),(2009,107,'2012-10-11','08:22:00',0,94965.9,0,21390.2,0),(2010,107,'2012-10-11','08:23:00',0,94965.9,0,21390.2,0),(2011,107,'2012-10-11','08:24:00',0,94965.9,0,21390.2,0),(2012,107,'2012-10-11','08:25:00',0,94965.9,0,21390.2,0),(2013,107,'2012-10-11','08:26:00',0,94965.9,0,21390.2,0),(2014,107,'2012-10-11','08:27:00',0,94965.9,0,21390.2,0),(2015,107,'2012-10-11','08:28:00',0,94965.9,0,21390.2,0),(2016,107,'2012-10-11','08:29:00',0,94965.9,0,21390.2,0),(2017,107,'2012-10-11','08:30:00',0,94965.9,0,21390.2,0),(2018,107,'2012-10-11','08:31:00',0,94965.9,0,21390.2,0),(2019,107,'2012-10-11','08:32:00',0,94965.9,0,21390.2,0),(2020,107,'2012-10-11','08:33:00',0,94965.9,0,21390.2,0),(2021,107,'2012-10-11','08:34:00',0,94965.9,0,21390.2,0),(2022,107,'2012-10-11','08:35:00',0,94965.9,0,21390.2,0),(2023,107,'2012-10-11','08:36:00',0,94965.9,0,21390.2,0),(2024,107,'2012-10-11','08:37:00',0,94965.9,0,21390.2,0),(2025,107,'2012-10-11','08:38:00',0,94965.9,0,21390.2,0),(2026,107,'2012-10-11','08:39:00',0,94965.9,0,21390.2,0),(2027,107,'2012-10-11','08:40:00',0,94965.9,0,21390.2,0),(2028,107,'2012-10-11','08:41:00',0,94965.9,0,21390.2,0),(2029,107,'2012-10-11','08:42:00',0,94965.9,0,21390.2,0),(2030,107,'2012-10-11','08:43:00',0,94965.9,0,21390.2,0),(2031,107,'2012-10-11','08:44:00',0,94965.9,0,21390.2,0),(2032,107,'2012-10-11','08:45:00',0,94965.9,0,21390.2,0),(2033,107,'2012-10-11','08:46:00',0,94965.9,0,21390.2,0),(2034,107,'2012-10-11','08:47:00',0,94965.9,0,21390.2,0),(2035,107,'2012-10-11','08:48:00',0,94965.9,0,21390.2,0),(2036,107,'2012-10-11','08:49:00',0,94965.9,0,21390.2,0),(2037,107,'2012-10-11','08:50:00',0,94965.9,0,21390.2,0),(2038,107,'2012-10-11','08:51:00',0,94965.9,0,21390.2,0),(2039,107,'2012-10-11','08:52:00',0,94965.9,0,21390.2,0),(2040,107,'2012-10-11','08:53:00',0,94965.9,0,21390.2,0),(2041,107,'2012-10-11','08:54:00',0,94965.9,0,21390.2,0),(2042,107,'2012-10-11','08:55:00',0,94965.9,0,21390.2,0),(2043,107,'2012-10-11','08:56:00',0,94965.9,0,21390.2,0),(2044,107,'2012-10-11','08:57:00',0,94965.9,0,21390.2,0),(2045,107,'2012-10-11','08:58:00',0,94965.9,0,21390.2,0),(2046,107,'2012-10-11','08:59:00',0,94965.9,0,21390.2,0),(2047,108,'2012-10-11','09:00:00',0,94965.9,0,21390.2,0),(2048,108,'2012-10-11','09:01:00',0,94965.9,0,21390.2,0),(2049,108,'2012-10-11','09:02:00',0,94965.9,0,21390.2,0),(2050,108,'2012-10-11','09:03:00',0,94965.9,0,21390.2,0),(2051,108,'2012-10-11','09:04:00',0,94965.9,0,21390.2,0),(2052,108,'2012-10-11','09:05:00',0,94965.9,0,21390.2,0),(2053,108,'2012-10-11','09:06:00',0,94965.9,0,21390.2,0),(2054,108,'2012-10-11','09:07:00',0,94965.9,0,21390.2,0),(2055,108,'2012-10-11','09:08:00',0,94965.9,0,21390.2,0),(2056,108,'2012-10-11','09:09:00',0,94966,0,21390.2,0),(2057,108,'2012-10-11','09:10:00',0,94966,0,21390.2,0),(2058,108,'2012-10-11','09:11:00',0,94966,0,21390.2,0),(2059,108,'2012-10-11','09:12:00',0,94966,0,21390.2,0),(2060,108,'2012-10-11','09:13:00',0,94966,0,21390.2,0),(2061,108,'2012-10-11','09:14:00',0,94966,0,21390.2,0),(2062,108,'2012-10-11','09:15:00',0,94966,0,21390.2,0),(2063,108,'2012-10-11','09:16:00',0,94966,0,21390.2,0),(2064,108,'2012-10-11','09:17:00',0,94966,0,21390.2,0),(2065,108,'2012-10-11','09:18:00',0,94966,0,21390.2,0),(2066,108,'2012-10-11','09:19:00',0,94966,0,21390.2,0),(2067,108,'2012-10-11','09:20:00',0,94966,0,21390.2,0),(2068,108,'2012-10-11','09:21:00',0,94966,0,21390.2,0),(2069,108,'2012-10-11','09:22:00',0,94966,0,21390.2,0),(2070,108,'2012-10-11','09:23:00',0,94966,0,21390.2,0),(2071,108,'2012-10-11','09:24:00',0,94966,0,21390.2,0),(2072,108,'2012-10-11','09:25:00',0,94966,0,21390.2,0),(2073,108,'2012-10-11','09:26:00',0,94966,0,21390.2,0),(2074,108,'2012-10-11','09:27:00',0,94966,0,21390.2,0),(2075,108,'2012-10-11','09:28:00',0,94966,0,21390.2,0),(2076,108,'2012-10-11','09:29:00',0,94966,0,21390.2,0),(2077,108,'2012-10-11','09:30:00',0,94966,0,21390.2,0),(2078,108,'2012-10-11','09:31:00',0,94966,0,21390.2,0),(2079,108,'2012-10-11','09:32:00',0,94966,0,21390.2,0),(2080,108,'2012-10-11','09:33:00',0,94966,0,21390.2,0),(2081,108,'2012-10-11','09:34:00',0,94966,0,21390.2,0),(2082,108,'2012-10-11','09:35:00',0,94966,0,21390.2,0),(2083,108,'2012-10-11','09:36:00',0,94966,0,21390.2,0),(2084,108,'2012-10-11','09:37:00',0,94966,0,21390.2,0),(2085,108,'2012-10-11','09:38:00',0,94966,0,21390.2,0),(2086,108,'2012-10-11','09:39:00',0,94966,0,21390.2,0),(2087,108,'2012-10-11','09:40:00',0,94966,0,21390.2,0),(2088,108,'2012-10-11','09:41:00',0,94966,0,21390.2,0),(2089,108,'2012-10-11','09:42:00',0,94966,0,21390.2,0),(2090,108,'2012-10-11','09:43:00',0,94966,0,21390.2,0),(2091,108,'2012-10-11','09:44:00',0,94966,0,21390.2,0),(2092,108,'2012-10-11','09:45:00',0,94966,0,21390.2,0),(2093,108,'2012-10-11','09:46:00',0,94966,0,21390.2,0),(2094,108,'2012-10-11','09:47:00',0,94966,0,21390.2,0),(2095,108,'2012-10-11','09:48:00',0,94966,0,21390.2,0),(2096,108,'2012-10-11','09:49:00',0,94966,0,21390.2,0),(2097,108,'2012-10-11','09:50:00',0,94966,0,21390.2,0),(2098,108,'2012-10-11','09:51:00',0,94966,0,21390.2,0),(2099,108,'2012-10-11','09:52:00',0,94966,0,21390.2,0),(2100,108,'2012-10-11','09:53:00',0,94966,0,21390.2,0),(2101,108,'2012-10-11','09:54:00',0,94966,0,21390.2,0),(2102,108,'2012-10-11','09:55:00',0,94966,0,21390.2,0),(2103,108,'2012-10-11','09:56:00',0,94966,0,21390.2,0),(2104,108,'2012-10-11','09:57:00',0,94966,0,21390.2,0),(2105,108,'2012-10-11','09:58:00',0,94966,0,21390.2,0),(2106,108,'2012-10-11','09:59:00',0,94966,0,21390.2,0),(2107,109,'2012-10-11','07:00:00',9.977,2.877,0.963,21387.4,0),(2108,109,'2012-10-11','07:01:00',12.862,3.69,0.968,21387.6,0),(2109,109,'2012-10-11','07:02:00',12.538,3.562,0.978,21387.8,0),(2110,109,'2012-10-11','07:03:00',21.491,6.019,0.992,21388,0),(2111,109,'2012-10-11','07:04:00',9.668,2.729,0.984,21388.2,0),(2112,109,'2012-10-11','07:05:00',10.069,2.803,0.998,21388.4,0),(2113,109,'2012-10-11','07:06:00',10.915,3.066,1.002,21388.6,0),(2114,109,'2012-10-11','07:07:00',13.155,3.756,0.973,21388.8,0),(2115,109,'2012-10-11','07:08:00',14.112,4.014,0.977,21389,0),(2116,109,'2012-10-11','07:09:00',12.161,3.449,0.979,21389.2,0),(2117,109,'2012-10-11','07:10:00',2.356,0.677,0.967,21389.3,0),(2118,109,'2012-10-11','07:11:00',0.724,0.209,0.961,21389.4,0),(2119,109,'2012-10-11','07:12:00',0.456,0.132,0.963,21389.4,0),(2120,109,'2012-10-11','07:13:00',94966.3,94967,1.003,21389.4,0),(2121,109,'2012-10-11','07:14:00',1.559,0.436,0.994,21389.5,0),(2122,109,'2012-10-11','07:15:00',3.289,0.919,0.994,21389.5,0),(2123,109,'2012-10-11','07:16:00',2.912,0.825,0.98,21389.5,0),(2124,109,'2012-10-11','07:17:00',6.916,1.988,0.966,21389.5,0),(2125,109,'2012-10-11','07:18:00',0.419,0.118,0.986,21389.6,0),(2126,109,'2012-10-11','07:19:00',3.716,1.049,0.984,21389.6,0),(2127,109,'2012-10-11','07:20:00',11.013,3.175,0.963,21389.7,0),(2128,109,'2012-10-11','07:21:00',2.644,0.754,0.974,21389.7,0),(2129,109,'2012-10-11','07:22:00',5.136,1.431,0.997,21389.8,0),(2130,109,'2012-10-11','07:23:00',10.13,2.857,0.985,21389.8,0),(2131,109,'2012-10-11','07:24:00',2.993,0.859,0.967,21389.9,0),(2132,109,'2012-10-11','07:25:00',4.859,1.396,0.966,21390,0),(2133,109,'2012-10-11','07:26:00',2.277,0.648,0.976,21390,0),(2134,109,'2012-10-11','07:27:00',3.622,1.033,0.974,21390.1,0),(2135,109,'2012-10-11','07:28:00',4.493,1.288,0.969,21390.1,0),(2136,109,'2012-10-11','07:29:00',1.556,0.441,0.979,21390.1,0),(2137,109,'2012-10-11','07:30:00',0.592,0.168,0.979,21390.1,0),(2138,109,'2012-10-11','07:31:00',94965.1,94966.7,0.968,21390.2,0),(2139,109,'2012-10-11','07:32:00',94966.7,94967.1,0.988,21390.2,0),(2140,109,'2012-10-11','07:33:00',94964.6,94966.5,0.99,21390.2,0),(2141,109,'2012-10-11','07:34:00',94964.5,94966.5,0.951,21390.2,0),(2142,109,'2012-10-11','07:35:00',94964.2,94966.4,0.996,21390.2,0),(2143,109,'2012-10-11','07:36:00',94965.2,94966.7,0.976,21390.2,0),(2144,109,'2012-10-11','07:37:00',94966.2,94967,1.005,21390.2,0),(2145,109,'2012-10-11','07:38:00',94964.2,94966.4,0.962,21390.2,0),(2146,109,'2012-10-11','07:39:00',94962.8,94966,0.993,21390.2,0),(2147,109,'2012-10-11','07:40:00',94964.4,94966.5,0.964,21390.2,0),(2148,109,'2012-10-11','07:41:00',94965.7,94966.6,0.657,21390.2,0),(2149,109,'2012-10-11','07:42:00',0,94965.8,0,21390.2,0),(2150,109,'2012-10-11','07:43:00',0,94965.8,0,21390.2,0),(2151,109,'2012-10-11','07:44:00',0,94965.8,0,21390.2,0),(2152,109,'2012-10-11','07:45:00',0,94965.8,0,21390.2,0),(2153,109,'2012-10-11','07:46:00',0,94965.8,0,21390.2,0),(2154,109,'2012-10-11','07:47:00',0,94965.8,0,21390.2,0),(2155,109,'2012-10-11','07:48:00',0,94965.8,0,21390.2,0),(2156,109,'2012-10-11','07:49:00',0,94965.8,0,21390.2,0),(2157,109,'2012-10-11','07:50:00',0,94965.8,0,21390.2,0),(2158,109,'2012-10-11','07:51:00',0,94965.8,0,21390.2,0),(2159,109,'2012-10-11','07:52:00',0,94965.8,0,21390.2,0),(2160,109,'2012-10-11','07:53:00',0,94965.8,0,21390.2,0),(2161,109,'2012-10-11','07:54:00',0,94965.8,0,21390.2,0),(2162,109,'2012-10-11','07:55:00',0,94965.8,0,21390.2,0),(2163,109,'2012-10-11','07:56:00',0,94965.8,0,21390.2,0),(2164,109,'2012-10-11','07:57:00',0,94965.8,0,21390.2,0),(2165,109,'2012-10-11','07:58:00',0,94965.8,0,21390.2,0),(2166,109,'2012-10-11','07:59:00',0,94965.8,0,21390.2,0),(2167,110,'2012-10-13','00:00:00',173.303,50.104,0.961,21836.6,0),(2168,110,'2012-10-13','00:01:00',151.363,43.374,0.969,21839.6,0),(2169,110,'2012-10-13','00:02:00',145.546,42.453,0.952,21842.2,0),(2170,110,'2012-10-13','00:03:00',148.082,43.079,0.955,21844.8,0),(2171,110,'2012-10-13','00:04:00',158.611,44.893,0.981,21847.4,0),(2172,110,'2012-10-13','00:05:00',159.358,45.86,0.965,21850.2,0),(2173,110,'2012-10-13','00:06:00',172.836,49.201,0.976,21852.9,0),(2174,110,'2012-10-13','00:07:00',168.555,47.655,0.982,21855.7,0),(2175,110,'2012-10-13','00:08:00',180.321,51.327,0.976,21858.6,0),(2176,110,'2012-10-13','00:09:00',174.18,50.201,0.964,21861.5,0),(2177,110,'2012-10-13','00:10:00',186.268,52.974,0.977,21864.4,0),(2178,110,'2012-10-13','00:11:00',188.96,54.196,0.968,21867.4,0),(2179,110,'2012-10-13','00:12:00',184.97,53.42,0.962,21870.4,0),(2180,110,'2012-10-13','00:13:00',184.1,52.862,0.967,21873.5,0),(2181,110,'2012-10-13','00:14:00',192.847,55.506,0.965,21876.6,0),(2182,110,'2012-10-13','00:15:00',190.177,53.661,0.984,21879.7,0),(2183,110,'2012-10-13','00:16:00',179.541,52.427,0.951,21882.9,0),(2184,110,'2012-10-13','00:17:00',193.283,55.771,0.963,21886,0),(2185,110,'2012-10-13','00:18:00',174.36,49.891,0.971,21889.2,0),(2186,110,'2012-10-13','00:19:00',189.12,54.316,0.967,21892.3,0),(2187,110,'2012-10-13','00:20:00',193.38,56.703,0.947,21895.4,0),(2188,110,'2012-10-13','00:21:00',194.478,56.007,0.965,21898.6,0),(2189,110,'2012-10-13','00:22:00',188.717,53.95,0.972,21901.8,0),(2190,110,'2012-10-13','00:23:00',185.879,53.332,0.968,21905,0),(2191,110,'2012-10-13','00:24:00',191.42,55.294,0.962,21908.2,0),(2192,110,'2012-10-13','00:25:00',192.23,55.03,0.97,21911.4,0),(2193,110,'2012-10-13','00:26:00',180.916,52.196,0.963,21914.7,0),(2194,110,'2012-10-13','00:27:00',192.632,55.64,0.954,21917.9,0),(2195,110,'2012-10-13','00:28:00',204.784,59.291,0.959,21921.1,0),(2196,110,'2012-10-13','00:29:00',209.169,59.529,0.976,21924.4,0),(2197,110,'2012-10-13','00:30:00',193.027,56.125,0.955,21927.7,0),(2198,110,'2012-10-13','00:31:00',181.843,53.386,0.946,21931,0),(2199,110,'2012-10-13','00:32:00',201.89,58.187,0.964,21934.3,0),(2200,110,'2012-10-13','00:33:00',190.689,55.304,0.958,21937.7,0),(2201,110,'2012-10-13','00:34:00',203.503,58.288,0.97,21940.9,0),(2202,110,'2012-10-13','00:35:00',185.17,53.79,0.956,21944.2,0),(2203,110,'2012-10-13','00:36:00',186.573,54.141,0.95,21947.4,0),(2204,110,'2012-10-13','00:37:00',194.224,55.985,0.964,21950.5,0),(2205,110,'2012-10-13','00:38:00',182.553,52.533,0.965,21953.5,0),(2206,110,'2012-10-13','00:39:00',169.866,49.268,0.958,21956.5,0),(2207,110,'2012-10-13','00:40:00',178.732,51.387,0.966,21959.4,0),(2208,110,'2012-10-13','00:41:00',175.244,50.099,0.972,21962.4,0),(2209,110,'2012-10-13','00:42:00',189.339,53.503,0.983,21965.5,0),(2210,110,'2012-10-13','00:43:00',189.176,54.308,0.968,21968.5,0),(2211,110,'2012-10-13','00:44:00',176.631,51.058,0.961,21971.5,0),(2212,110,'2012-10-13','00:45:00',206.626,59.291,0.968,21974.6,0),(2213,110,'2012-10-13','00:46:00',165.269,47.419,0.968,21977.7,0),(2214,110,'2012-10-13','00:47:00',154.21,44.513,0.962,21980.4,0),(2215,110,'2012-10-13','00:48:00',129.841,36.403,0.991,21982.3,0),(2216,110,'2012-10-13','00:49:00',94.332,26.998,0.971,21984.1,0),(2217,110,'2012-10-13','00:50:00',87.793,24.898,0.979,21985.7,0),(2218,110,'2012-10-13','00:51:00',95.25,26.775,0.988,21986.8,0),(2219,110,'2012-10-13','00:52:00',64.327,18.291,0.977,21988.2,0),(2220,110,'2012-10-13','00:53:00',71.752,20.738,0.961,21989.4,0),(2221,110,'2012-10-13','00:54:00',83.849,23.643,0.985,21990.6,0),(2222,110,'2012-10-13','00:55:00',115.858,34.15,0.942,21992.3,0),(2223,110,'2012-10-13','00:56:00',103.668,29.679,0.97,21994,0),(2224,110,'2012-10-13','00:57:00',123.368,35.589,0.963,21996.1,0),(2225,110,'2012-10-13','00:58:00',145.063,42.246,0.954,21998.4,0),(2226,110,'2012-10-13','00:59:00',183.891,53.012,0.964,22001.1,0),(2227,111,'2012-10-13','01:00:00',182.933,52.477,0.968,22004,0),(2228,111,'2012-10-13','01:01:00',181.652,52.104,0.968,22007.1,0),(2229,111,'2012-10-13','01:02:00',188.063,53.619,0.974,22010.2,0),(2230,111,'2012-10-13','01:03:00',180.488,52.177,0.961,22013.4,0),(2231,111,'2012-10-13','01:04:00',186.509,54.116,0.957,22016.5,0),(2232,111,'2012-10-13','01:05:00',194.29,55.957,0.964,22019.7,0),(2233,111,'2012-10-13','01:06:00',188.345,54.045,0.952,22022.9,0),(2234,111,'2012-10-13','01:07:00',196.781,56.633,0.965,22026.1,0),(2235,111,'2012-10-13','01:08:00',177.562,51.462,0.958,22029.3,0),(2236,111,'2012-10-13','01:09:00',194.398,56.197,0.961,22032.4,0),(2237,111,'2012-10-13','01:10:00',201.7,57.582,0.973,22035.4,0),(2238,111,'2012-10-13','01:11:00',180.207,52.162,0.96,22038.4,0),(2239,111,'2012-10-13','01:12:00',172.727,49.926,0.961,22041.3,0),(2240,111,'2012-10-13','01:13:00',138.667,40.019,0.963,22043.8,0),(2241,111,'2012-10-13','01:14:00',161.438,45.951,0.976,22046.1,0),(2242,111,'2012-10-13','01:15:00',134.455,38.208,0.971,22048.2,0),(2243,111,'2012-10-13','01:16:00',124.959,35.571,0.976,22050.6,0),(2244,111,'2012-10-13','01:17:00',138.166,39.696,0.967,22052.8,0),(2245,111,'2012-10-13','01:18:00',142.937,40.595,0.978,22055.1,0),(2246,111,'2012-10-13','01:19:00',121.629,34.96,0.966,22057.4,0),(2247,111,'2012-10-13','01:20:00',122.215,34.102,0.995,22059.7,0),(2248,111,'2012-10-13','01:21:00',60.043,17.026,0.98,22061.5,0),(2249,111,'2012-10-13','01:22:00',1.849,0.527,0.974,22061.6,0),(2250,111,'2012-10-13','01:23:00',94966.4,94967.1,0.99,22061.6,0),(2251,111,'2012-10-13','01:24:00',0,0,1.007,22061.6,0),(2252,111,'2012-10-13','01:25:00',94966.5,94967.1,0.998,22061.6,0),(2253,111,'2012-10-13','01:26:00',1.361,0.387,0.978,22061.6,0),(2254,111,'2012-10-13','01:27:00',0.786,0.223,0.979,22061.6,0),(2255,111,'2012-10-13','01:28:00',1.203,0.348,0.96,22061.6,0),(2256,111,'2012-10-13','01:29:00',2.955,0.841,0.976,22061.6,0),(2257,111,'2012-10-13','01:30:00',165.173,47.697,0.95,22063,0),(2258,111,'2012-10-13','01:31:00',172.392,48.924,0.979,22065.7,0),(2259,111,'2012-10-13','01:32:00',175.589,49.468,0.986,22068.7,0),(2260,111,'2012-10-13','01:33:00',183.782,52.421,0.974,22071.6,0),(2261,111,'2012-10-13','01:34:00',174.489,50.075,0.968,22074.6,0),(2262,111,'2012-10-13','01:35:00',180.238,52,0.963,22077.7,0),(2263,111,'2012-10-13','01:36:00',199.471,57.238,0.968,22080.8,0),(2264,111,'2012-10-13','01:37:00',181.3,51.822,0.972,22083.9,0),(2265,111,'2012-10-13','01:38:00',180.166,51.289,0.976,22087,0),(2266,111,'2012-10-13','01:39:00',173.024,50.154,0.958,22090,0),(2267,111,'2012-10-13','01:40:00',182.335,52.125,0.972,22092.9,0),(2268,111,'2012-10-13','01:41:00',175.506,50.242,0.97,22095.7,0),(2269,111,'2012-10-13','01:42:00',180.881,52.887,0.95,22098.6,0),(2270,111,'2012-10-13','01:43:00',175.325,50.181,0.971,22101.6,0),(2271,111,'2012-10-13','01:44:00',177.858,51.247,0.964,22104.6,0),(2272,111,'2012-10-13','01:45:00',176.254,49.94,0.98,22107.5,0),(2273,111,'2012-10-13','01:46:00',166.232,47.701,0.968,22110.3,0),(2274,111,'2012-10-13','01:47:00',145.649,41.175,0.983,22112.9,0),(2275,111,'2012-10-13','01:48:00',151.369,44.145,0.952,22115.5,0),(2276,111,'2012-10-13','01:49:00',156.663,45.538,0.956,22118,0),(2277,111,'2012-10-13','01:50:00',157.712,45.156,0.97,22120.7,0),(2278,111,'2012-10-13','01:51:00',164.434,47.073,0.97,22123.4,0),(2279,111,'2012-10-13','01:52:00',173.353,49.652,0.97,22126.2,0),(2280,111,'2012-10-13','01:53:00',171.357,49.503,0.962,22129.1,0),(2281,111,'2012-10-13','01:54:00',166.318,48.483,0.953,22132,0),(2282,111,'2012-10-13','01:55:00',170.581,49.124,0.965,22134.9,0),(2283,111,'2012-10-13','01:56:00',167.548,49.084,0.948,22137.7,0),(2284,111,'2012-10-13','01:57:00',160.046,45.912,0.968,22140.6,0),(2285,111,'2012-10-13','01:58:00',176.416,50.721,0.966,22143.5,0),(2286,111,'2012-10-13','01:59:00',175.476,50.812,0.959,22146.4,0),(2287,112,'2012-10-13','02:00:00',192.628,54.752,0.977,22149.4,0),(2288,112,'2012-10-13','02:01:00',182.842,53.288,0.953,22152.5,0),(2289,112,'2012-10-13','02:02:00',170.092,49.665,0.951,22155.6,0),(2290,112,'2012-10-13','02:03:00',174.514,51.008,0.95,22158.6,0),(2291,112,'2012-10-13','02:04:00',172.285,50.04,0.956,22161.6,0),(2292,112,'2012-10-13','02:05:00',189.919,54.405,0.97,22164.8,0),(2293,112,'2012-10-13','02:06:00',179.496,51.64,0.966,22167.8,0),(2294,112,'2012-10-13','02:07:00',179.985,52.079,0.96,22170.8,0),(2295,112,'2012-10-13','02:08:00',173.279,49.239,0.978,22173.8,0),(2296,112,'2012-10-13','02:09:00',166.729,48.983,0.962,22176.8,0),(2297,112,'2012-10-13','02:10:00',167.594,48.372,0.962,22179.7,0),(2298,112,'2012-10-13','02:11:00',174.787,49.585,0.979,22182.7,0),(2299,112,'2012-10-13','02:12:00',172.223,49.798,0.961,22185.7,0),(2300,112,'2012-10-13','02:13:00',177.51,50.631,0.974,22188.7,0),(2301,112,'2012-10-13','02:14:00',177.586,50.261,0.97,22191.6,0),(2302,112,'2012-10-13','02:15:00',172.426,49.279,0.972,22194.5,0),(2303,112,'2012-10-13','02:16:00',181.953,52.203,0.968,22197.5,0),(2304,112,'2012-10-13','02:17:00',166.719,47.64,0.972,22200.5,0),(2305,112,'2012-10-13','02:18:00',187.592,54.478,0.957,22203.5,0),(2306,112,'2012-10-13','02:19:00',173.211,50.66,0.95,22206.5,0),(2307,112,'2012-10-13','02:20:00',195.65,55.632,0.977,22209.5,0),(2308,112,'2012-10-13','02:21:00',174.465,50.384,0.962,22212.5,0),(2309,112,'2012-10-13','02:22:00',180.099,51.52,0.971,22215.5,0),(2310,112,'2012-10-13','02:23:00',178.246,50.915,0.972,22218.5,0),(2311,112,'2012-10-13','02:24:00',184.142,52.805,0.957,22221.5,0),(2312,112,'2012-10-13','02:25:00',166.584,48,0.964,22224.5,0),(2313,112,'2012-10-13','02:26:00',180.303,52.577,0.953,22227.5,0),(2314,112,'2012-10-13','02:27:00',172.192,49.025,0.976,22230.5,0),(2315,112,'2012-10-13','02:28:00',173.069,50.422,0.953,22233.4,0),(2316,112,'2012-10-13','02:29:00',180.151,51.852,0.965,22236.4,0),(2317,112,'2012-10-13','02:30:00',182.974,52.793,0.963,22239.4,0),(2318,112,'2012-10-13','02:31:00',176.957,50.527,0.973,22242.4,0),(2319,112,'2012-10-13','02:32:00',179.576,51.9,0.961,22245.4,0),(2320,112,'2012-10-13','02:33:00',176.255,50.255,0.974,22248.4,0),(2321,112,'2012-10-13','02:34:00',172.705,50.198,0.956,22251.3,0),(2322,112,'2012-10-13','02:35:00',186.033,54.456,0.949,22254.3,0),(2323,112,'2012-10-13','02:36:00',186.982,53.721,0.967,22257.3,0),(2324,112,'2012-10-13','02:37:00',181.159,52.334,0.962,22260.3,0),(2325,112,'2012-10-13','02:38:00',178.185,51.649,0.958,22263.3,0),(2326,112,'2012-10-13','02:39:00',177.097,50.965,0.965,22266.2,0),(2327,112,'2012-10-13','02:40:00',188.603,54.697,0.958,22269.3,0),(2328,112,'2012-10-13','02:41:00',173.298,50.029,0.962,22272.3,0),(2329,112,'2012-10-13','02:42:00',169.751,49.169,0.959,22275.3,0),(2330,112,'2012-10-13','02:43:00',182.313,51.309,0.987,22278.3,0),(2331,112,'2012-10-13','02:44:00',169.773,49.02,0.962,22281.2,0),(2332,112,'2012-10-13','02:45:00',185.069,52.798,0.974,22284.2,0),(2333,112,'2012-10-13','02:46:00',195.372,55.74,0.974,22287.2,0),(2334,112,'2012-10-13','02:47:00',176.793,50.645,0.97,22290.3,0),(2335,112,'2012-10-13','02:48:00',173.176,50.627,0.95,22293.2,0),(2336,112,'2012-10-13','02:49:00',169.38,48.335,0.973,22296,0),(2337,112,'2012-10-13','02:50:00',153.445,44.055,0.968,22298.6,0),(2338,112,'2012-10-13','02:51:00',150.996,44.14,0.95,22301.2,0),(2339,112,'2012-10-13','02:52:00',165.095,48.373,0.948,22304,0),(2340,112,'2012-10-13','02:53:00',165.904,48.319,0.952,22306.9,0),(2341,112,'2012-10-13','02:54:00',179.13,51.979,0.957,22309.8,0),(2342,112,'2012-10-13','02:55:00',174.777,49.611,0.979,22312.9,0),(2343,112,'2012-10-13','02:56:00',176.438,51.379,0.954,22315.9,0),(2344,112,'2012-10-13','02:57:00',181.691,52.257,0.966,22318.9,0),(2345,112,'2012-10-13','02:58:00',186.635,53.796,0.956,22322,0),(2346,112,'2012-10-13','02:59:00',186.982,53.164,0.977,22325,0),(2347,113,'2012-10-13','04:00:00',0,94965.8,0,22492.9,0),(2348,113,'2012-10-13','04:01:00',0,94965.8,0,22492.9,0),(2349,113,'2012-10-13','04:02:00',0,94965.8,0,22492.9,0),(2350,113,'2012-10-13','04:03:00',0,94965.8,0,22492.9,0),(2351,113,'2012-10-13','04:04:00',0,94965.8,0,22492.9,0),(2352,113,'2012-10-13','04:05:00',0,94965.8,0,22492.9,0),(2353,113,'2012-10-13','04:06:00',0,94966.6,0,22492.9,0),(2354,113,'2012-10-13','04:07:00',94964.7,94966.3,0.735,22492.9,0),(2355,113,'2012-10-13','04:08:00',0,94966.2,0,22492.9,0),(2356,113,'2012-10-13','04:09:00',0,48.264,0,22492.9,0),(2357,113,'2012-10-13','04:10:00',0,42.648,0,22492.9,0),(2358,113,'2012-10-13','04:11:00',4.59,46.705,0.027,22493.2,0),(2359,113,'2012-10-13','04:12:00',0,46.89,0,22493.3,0),(2360,113,'2012-10-13','04:13:00',0,45.888,0,22493.3,0),(2361,113,'2012-10-13','04:14:00',0,37.125,0,22493.3,0),(2362,113,'2012-10-13','04:15:00',0,21.837,0,22493.3,0),(2363,113,'2012-10-13','04:16:00',0,20.919,0,22493.3,0),(2364,113,'2012-10-13','04:17:00',0,20.122,0,22493.3,0),(2365,113,'2012-10-13','04:18:00',0,12.693,0,22493.3,0),(2366,113,'2012-10-13','04:19:00',0,32.256,0,22493.3,0),(2367,113,'2012-10-13','04:20:00',0,38.246,0,22493.3,0),(2368,113,'2012-10-13','04:21:00',0,37.873,0,22493.3,0),(2369,113,'2012-10-13','04:22:00',0,0.68,0,22493.3,0),(2370,113,'2012-10-13','04:23:00',0,0.371,0,22493.3,0),(2371,113,'2012-10-13','04:24:00',0,0.124,0,22493.3,0),(2372,113,'2012-10-13','04:25:00',0,0.064,0,22493.3,0),(2373,113,'2012-10-13','04:26:00',0,94967.2,0,22493.3,0),(2374,113,'2012-10-13','04:27:00',0,0.473,0,22493.3,0),(2375,113,'2012-10-13','04:28:00',0,0.223,0,22493.3,0),(2376,113,'2012-10-13','04:29:00',0,35.77,0,22493.3,0),(2377,113,'2012-10-13','04:30:00',0,43.95,0,22493.3,0),(2378,113,'2012-10-13','04:31:00',0,46.851,0,22493.3,0),(2379,113,'2012-10-13','04:32:00',0,44.995,0,22493.3,0),(2380,113,'2012-10-13','04:33:00',0,45.274,0,22493.3,0),(2381,113,'2012-10-13','04:34:00',0,46.56,0,22493.3,0),(2382,113,'2012-10-13','04:35:00',0,49.539,0,22493.3,0),(2383,113,'2012-10-13','04:36:00',0,51.904,0,22493.3,0),(2384,113,'2012-10-13','04:37:00',0,47.821,0,22493.3,0),(2385,113,'2012-10-13','04:38:00',0,51.406,0,22493.3,0),(2386,113,'2012-10-13','04:39:00',0,45.593,0,22493.3,0),(2387,113,'2012-10-13','04:40:00',0,42.412,0,22493.3,0),(2388,113,'2012-10-13','04:41:00',0,48.014,0,22493.3,0),(2389,113,'2012-10-13','04:42:00',0,49.214,0,22493.3,0),(2390,113,'2012-10-13','04:43:00',0,48.333,0,22493.3,0),(2391,113,'2012-10-13','04:44:00',0,43.896,0,22493.3,0),(2392,113,'2012-10-13','04:45:00',0,47.454,0,22493.3,0),(2393,113,'2012-10-13','04:46:00',0,46.594,0,22493.3,0),(2394,113,'2012-10-13','04:47:00',0,48.803,0,22493.3,0),(2395,113,'2012-10-13','04:48:00',0,47.259,0,22493.3,0),(2396,113,'2012-10-13','04:49:00',0,52.545,0,22493.3,0),(2397,113,'2012-10-13','04:50:00',0,50.805,0,22493.3,0),(2398,113,'2012-10-13','04:51:00',0,49.655,0,22493.3,0),(2399,113,'2012-10-13','04:52:00',0,49.616,0,22493.3,0),(2400,113,'2012-10-13','04:53:00',0,47.386,0,22493.3,0),(2401,113,'2012-10-13','04:54:00',0,45.337,0,22493.3,0),(2402,113,'2012-10-13','04:55:00',0,48.563,0,22493.3,0),(2403,113,'2012-10-13','04:56:00',0,48.614,0,22493.3,0),(2404,113,'2012-10-13','04:57:00',0,48.473,0,22493.3,0),(2405,113,'2012-10-13','04:58:00',0,47.12,0,22493.3,0),(2406,113,'2012-10-13','04:59:00',0,45.771,0,22493.3,0),(2407,114,'2012-10-12','21:00:00',0,94965.8,0,21491.7,0),(2408,114,'2012-10-12','21:01:00',0,94965.8,0,21491.7,0),(2409,114,'2012-10-12','21:02:00',0,94965.8,0,21491.7,0),(2410,114,'2012-10-12','21:03:00',0,94965.8,0,21491.7,0),(2411,114,'2012-10-12','21:04:00',0,94965.8,0,21491.7,0),(2412,114,'2012-10-12','21:05:00',0,94965.8,0,21491.7,0),(2413,114,'2012-10-12','21:06:00',0,94965.8,0,21491.7,0),(2414,114,'2012-10-12','21:07:00',0,94965.8,0,21491.7,0),(2415,114,'2012-10-12','21:08:00',0,94965.8,0,21491.7,0),(2416,114,'2012-10-12','21:09:00',0,94965.8,0,21491.7,0),(2417,114,'2012-10-12','21:10:00',0,94965.8,0,21491.7,0),(2418,114,'2012-10-12','21:11:00',0,94965.8,0,21491.7,0),(2419,114,'2012-10-12','21:12:00',0,94965.8,0,21491.7,0),(2420,114,'2012-10-12','21:13:00',0,94965.8,0,21491.7,0),(2421,114,'2012-10-12','21:14:00',0,94965.8,0,21491.7,0),(2422,114,'2012-10-12','21:15:00',0,94965.8,0,21491.7,0),(2423,114,'2012-10-12','21:16:00',0,94965.8,0,21491.7,0),(2424,114,'2012-10-12','21:17:00',0,94965.8,0,21491.7,0),(2425,114,'2012-10-12','21:18:00',0,94965.8,0,21491.7,0),(2426,114,'2012-10-12','21:19:00',0,94965.8,0,21491.7,0),(2427,114,'2012-10-12','21:20:00',0,94965.8,0,21491.7,0),(2428,114,'2012-10-12','21:21:00',0,94965.8,0,21491.7,0),(2429,114,'2012-10-12','21:22:00',0,94965.8,0,21491.7,0),(2430,114,'2012-10-12','21:23:00',0,94965.8,0,21491.7,0),(2431,114,'2012-10-12','21:24:00',0,94965.8,0,21491.7,0),(2432,114,'2012-10-12','21:25:00',0,94965.8,0,21491.7,0),(2433,114,'2012-10-12','21:26:00',0,94965.8,0,21491.7,0),(2434,114,'2012-10-12','21:27:00',0,94965.8,0,21491.7,0),(2435,114,'2012-10-12','21:28:00',0,94965.8,0,21491.7,0),(2436,114,'2012-10-12','21:29:00',94963.3,94966.1,0.953,21491.7,0),(2437,114,'2012-10-12','21:30:00',1.421,0.398,0.993,21491.7,0),(2438,114,'2012-10-12','21:31:00',94964.6,94966.6,0.994,21491.7,0),(2439,114,'2012-10-12','21:32:00',94967.3,94967.3,0.974,21491.7,0),(2440,114,'2012-10-12','21:33:00',0.979,0.282,0.965,21491.7,0),(2441,114,'2012-10-12','21:34:00',94965.1,94966.7,1.001,21491.7,0),(2442,114,'2012-10-12','21:35:00',1.008,0.289,0.97,21491.7,0),(2443,114,'2012-10-12','21:36:00',94965.1,94966.7,0.986,21491.7,0),(2444,114,'2012-10-12','21:37:00',0.294,0.082,0.993,21491.7,0),(2445,114,'2012-10-12','21:38:00',94966.8,94967.2,0.982,21491.7,0),(2446,114,'2012-10-12','21:39:00',94965.2,94966.7,0.971,21491.7,0),(2447,114,'2012-10-12','21:40:00',1.112,0.312,0.99,21491.7,0),(2448,114,'2012-10-12','21:41:00',94965.4,94966.8,0.997,21491.7,0),(2449,114,'2012-10-12','21:42:00',0.876,0.249,0.977,21491.7,0),(2450,114,'2012-10-12','21:43:00',1.086,0.31,0.974,21491.7,0),(2451,114,'2012-10-12','21:44:00',94965.7,94966.9,1.004,21491.7,0),(2452,114,'2012-10-12','21:45:00',1.363,0.388,0.976,21491.7,0),(2453,114,'2012-10-12','21:46:00',94965.2,94966.7,0.976,21491.7,0),(2454,114,'2012-10-12','21:47:00',0.428,0.123,0.968,21491.7,0),(2455,114,'2012-10-12','21:48:00',1.081,0.307,0.98,21491.7,0),(2456,114,'2012-10-12','21:49:00',94966.3,94967,1.01,21491.7,0),(2457,114,'2012-10-12','21:50:00',0.632,0.179,0.979,21491.7,0),(2458,114,'2012-10-12','21:51:00',94965.9,94966.9,0.98,21491.7,0),(2459,114,'2012-10-12','21:52:00',0.312,0.09,0.961,21491.7,0),(2460,114,'2012-10-12','21:53:00',0.854,0.238,0.997,21491.7,0),(2461,114,'2012-10-12','21:54:00',94966,94966.9,0.992,21491.7,0),(2462,114,'2012-10-12','21:55:00',1.294,0.367,0.978,21491.7,0),(2463,114,'2012-10-12','21:56:00',94965.1,94966.7,0.979,21491.7,0),(2464,114,'2012-10-12','21:57:00',0.773,0.219,0.982,21491.7,0),(2465,114,'2012-10-12','21:58:00',0.84,0.24,0.972,21491.7,0),(2466,114,'2012-10-12','21:59:00',94966.4,94967.1,0.987,21491.7,0),(2467,115,'2012-10-12','22:00:00',0.736,0.208,0.98,21491.7,0),(2468,115,'2012-10-12','22:01:00',94965.3,94966.7,0.986,21491.7,0),(2469,115,'2012-10-12','22:02:00',0.987,0.282,0.973,21491.7,0),(2470,115,'2012-10-12','22:03:00',0.919,0.267,0.956,21491.7,0),(2471,115,'2012-10-12','22:04:00',96.234,27.414,0.975,21492.7,0),(2472,115,'2012-10-12','22:05:00',103.05,30.112,0.991,21494.3,0),(2473,115,'2012-10-12','22:06:00',129.721,36.916,0.976,21496.3,0),(2474,115,'2012-10-12','22:07:00',129.837,37.049,0.973,21498.4,0),(2475,115,'2012-10-12','22:08:00',144.922,41.176,0.978,21500.7,0),(2476,115,'2012-10-12','22:09:00',155.772,44.327,0.976,21503.2,0),(2477,115,'2012-10-12','22:10:00',165.297,47.066,0.964,21505.9,0),(2478,115,'2012-10-12','22:11:00',164.663,47.364,0.966,21508.6,0),(2479,115,'2012-10-12','22:12:00',158.263,45.285,0.971,21511.3,0),(2480,115,'2012-10-12','22:13:00',154.742,44.545,0.965,21514,0),(2481,115,'2012-10-12','22:14:00',161.456,46.219,0.97,21516.6,0),(2482,115,'2012-10-12','22:15:00',159.242,45.507,0.976,21519.2,0),(2483,115,'2012-10-12','22:16:00',165.781,46.977,0.98,21521.9,0),(2484,115,'2012-10-12','22:17:00',168.67,48.758,0.961,21524.5,0),(2485,115,'2012-10-12','22:18:00',153.459,43.74,0.975,21527,0),(2486,115,'2012-10-12','22:19:00',168.881,47.51,0.987,21529.6,0),(2487,115,'2012-10-12','22:20:00',176.801,50.02,0.963,21532.4,0),(2488,115,'2012-10-12','22:21:00',172.656,49.33,0.972,21535.2,0),(2489,115,'2012-10-12','22:22:00',183.777,53.162,0.96,21538,0),(2490,115,'2012-10-12','22:23:00',175.779,51.358,0.951,21541,0),(2491,115,'2012-10-12','22:24:00',169.308,48.8,0.964,21543.8,0),(2492,115,'2012-10-12','22:25:00',161.496,46.127,0.973,21546.5,0),(2493,115,'2012-10-12','22:26:00',169.164,48.158,0.976,21549.1,0),(2494,115,'2012-10-12','22:27:00',146.16,42.563,0.954,21551.8,0),(2495,115,'2012-10-12','22:28:00',108.6,31.231,0.966,21553.9,0),(2496,115,'2012-10-12','22:29:00',62.192,17.884,0.974,21555.4,0),(2497,115,'2012-10-12','22:30:00',133.759,37.215,0.998,21557,0),(2498,115,'2012-10-12','22:31:00',144.738,41.153,0.977,21559.4,0),(2499,115,'2012-10-12','22:32:00',162.406,46.687,0.966,21562,0),(2500,115,'2012-10-12','22:33:00',142.613,40.495,0.978,21564.5,0),(2501,115,'2012-10-12','22:34:00',142.426,41.005,0.965,21566.8,0),(2502,115,'2012-10-12','22:35:00',149.623,42.981,0.967,21569.3,0),(2503,115,'2012-10-12','22:36:00',155.631,44.655,0.968,21571.9,0),(2504,115,'2012-10-12','22:37:00',174.856,50.207,0.967,21574.7,0),(2505,115,'2012-10-12','22:38:00',179.739,52.515,0.951,21577.5,0),(2506,115,'2012-10-12','22:39:00',174.928,50.475,0.963,21580.6,0),(2507,115,'2012-10-12','22:40:00',178.091,51.52,0.96,21583.6,0),(2508,115,'2012-10-12','22:41:00',188.482,53.837,0.972,21586.6,0),(2509,115,'2012-10-12','22:42:00',176.71,51.249,0.958,21589.7,0),(2510,115,'2012-10-12','22:43:00',182.465,52.902,0.958,21592.8,0),(2511,115,'2012-10-12','22:44:00',162.611,46.887,0.96,21595.8,0),(2512,115,'2012-10-12','22:45:00',183.865,52.613,0.971,21598.8,0),(2513,115,'2012-10-12','22:46:00',182.234,52.814,0.958,21601.9,0),(2514,115,'2012-10-12','22:47:00',179.288,52.328,0.952,21605,0),(2515,115,'2012-10-12','22:48:00',181.752,53.39,0.946,21608.1,0),(2516,115,'2012-10-12','22:49:00',195.538,56.544,0.961,21611.2,0),(2517,115,'2012-10-12','22:50:00',189.292,54.686,0.962,21614.3,0),(2518,115,'2012-10-12','22:51:00',182.033,53.597,0.943,21617.4,0),(2519,115,'2012-10-12','22:52:00',191.618,54.663,0.974,21620.5,0),(2520,115,'2012-10-12','22:53:00',182.407,52.122,0.972,21623.7,0),(2521,115,'2012-10-12','22:54:00',194.435,56.882,0.95,21626.8,0),(2522,115,'2012-10-12','22:55:00',190.365,54.498,0.97,21629.9,0),(2523,115,'2012-10-12','22:56:00',179.147,52.432,0.949,21633,0),(2524,115,'2012-10-12','22:57:00',193.161,55.507,0.967,21636.2,0),(2525,115,'2012-10-12','22:58:00',203.351,57.829,0.977,21639.4,0),(2526,115,'2012-10-12','22:59:00',195.077,55.95,0.946,21642.5,0),(2527,116,'2012-10-12','23:00:00',191.165,55.072,0.964,21645.7,0),(2528,116,'2012-10-12','23:01:00',188.714,54.867,0.955,21648.8,0),(2529,116,'2012-10-12','23:02:00',188.007,54.293,0.962,21651.9,0),(2530,116,'2012-10-12','23:03:00',190.578,55.583,0.952,21655.1,0),(2531,116,'2012-10-12','23:04:00',182.261,52.508,0.964,21658.2,0),(2532,116,'2012-10-12','23:05:00',190.463,54.629,0.968,21661.4,0),(2533,116,'2012-10-12','23:06:00',201.288,58.131,0.962,21664.6,0),(2534,116,'2012-10-12','23:07:00',170.438,49.052,0.965,21667.8,0),(2535,116,'2012-10-12','23:08:00',185.734,53.309,0.968,21670.8,0),(2536,116,'2012-10-12','23:09:00',187.754,53.599,0.973,21673.9,0),(2537,116,'2012-10-12','23:10:00',191.527,54.842,0.97,21677,0),(2538,116,'2012-10-12','23:11:00',183.294,53.581,0.95,21680.2,0),(2539,116,'2012-10-12','23:12:00',191.63,54.23,0.982,21683.4,0),(2540,116,'2012-10-12','23:13:00',187.301,54.363,0.957,21686.6,0),(2541,116,'2012-10-12','23:14:00',199.92,58.094,0.956,21689.8,0),(2542,116,'2012-10-12','23:15:00',197.768,56.854,0.966,21693,0),(2543,116,'2012-10-12','23:16:00',196.802,56.739,0.963,21696.2,0),(2544,116,'2012-10-12','23:17:00',185.961,53.113,0.973,21699.5,0),(2545,116,'2012-10-12','23:18:00',214.538,60.993,0.977,21702.6,0),(2546,116,'2012-10-12','23:19:00',187.792,53.946,0.967,21705.8,0),(2547,116,'2012-10-12','23:20:00',202.383,57.635,0.975,21709,0),(2548,116,'2012-10-12','23:21:00',195.607,56.408,0.963,21712.2,0),(2549,116,'2012-10-12','23:22:00',187.87,53.571,0.974,21715.4,0),(2550,116,'2012-10-12','23:23:00',198.189,56.666,0.972,21718.6,0),(2551,116,'2012-10-12','23:24:00',181.92,52.654,0.96,21721.8,0),(2552,116,'2012-10-12','23:25:00',184.844,53.271,0.964,21725,0),(2553,116,'2012-10-12','23:26:00',193.322,55.904,0.961,21728.2,0),(2554,116,'2012-10-12','23:27:00',193.73,55.729,0.966,21731.5,0),(2555,116,'2012-10-12','23:28:00',202.771,59.483,0.947,21734.7,0),(2556,116,'2012-10-12','23:29:00',195.246,55.802,0.972,21738,0),(2557,116,'2012-10-12','23:30:00',194.314,55.831,0.967,21741.2,0),(2558,116,'2012-10-12','23:31:00',193.836,56.441,0.954,21744.5,0),(2559,116,'2012-10-12','23:32:00',207.042,58.49,0.983,21747.9,0),(2560,116,'2012-10-12','23:33:00',216.805,62.724,0.96,21751.3,0),(2561,116,'2012-10-12','23:34:00',202.573,58.458,0.963,21754.8,0),(2562,116,'2012-10-12','23:35:00',208.478,59.879,0.967,21758.2,0),(2563,116,'2012-10-12','23:36:00',197.884,58.252,0.944,21761.7,0),(2564,116,'2012-10-12','23:37:00',208.154,59.4,0.973,21765.1,0),(2565,116,'2012-10-12','23:38:00',199.52,57.69,0.961,21768.4,0),(2566,116,'2012-10-12','23:39:00',188.773,54.322,0.965,21771.8,0),(2567,116,'2012-10-12','23:40:00',195.771,55.7,0.976,21775,0),(2568,116,'2012-10-12','23:41:00',187.391,54.483,0.955,21778.3,0),(2569,116,'2012-10-12','23:42:00',187.82,53.939,0.967,21781.5,0),(2570,116,'2012-10-12','23:43:00',186.753,53.108,0.977,21784.6,0),(2571,116,'2012-10-12','23:44:00',202.182,58.258,0.964,21787.9,0),(2572,116,'2012-10-12','23:45:00',191.288,54.829,0.969,21791.1,0),(2573,116,'2012-10-12','23:46:00',180.99,52.935,0.95,21794.2,0),(2574,116,'2012-10-12','23:47:00',190.163,55.46,0.952,21797.4,0),(2575,116,'2012-10-12','23:48:00',185.245,54.076,0.952,21800.5,0),(2576,116,'2012-10-12','23:49:00',196.893,55.783,0.98,21803.7,0),(2577,116,'2012-10-12','23:50:00',185.783,53.554,0.964,21806.8,0),(2578,116,'2012-10-12','23:51:00',193.095,55.585,0.965,21809.9,0),(2579,116,'2012-10-12','23:52:00',180.072,51.858,0.965,21812.9,0),(2580,116,'2012-10-12','23:53:00',160.423,46.018,0.968,21815.8,0),(2581,116,'2012-10-12','23:54:00',173.949,50.749,0.952,21818.6,0),(2582,116,'2012-10-12','23:55:00',176.223,50.456,0.97,21821.5,0),(2583,116,'2012-10-12','23:56:00',170.823,49.984,0.949,21824.6,0),(2584,116,'2012-10-12','23:57:00',187.699,54.575,0.955,21827.6,0),(2585,116,'2012-10-12','23:58:00',179.011,51.38,0.968,21830.6,0),(2586,116,'2012-10-12','23:59:00',173.965,51.533,0.938,21833.6,0),(2587,117,'2012-10-13','03:00:00',179.309,51.254,0.972,22327.8,0),(2588,117,'2012-10-13','03:01:00',192.041,55.221,0.966,22330.8,0),(2589,117,'2012-10-13','03:02:00',168.519,48.734,0.961,22333.8,0),(2590,117,'2012-10-13','03:03:00',188.847,54.736,0.958,22336.9,0),(2591,117,'2012-10-13','03:04:00',192.277,54.608,0.978,22339.9,0),(2592,117,'2012-10-13','03:05:00',188.183,53.946,0.969,22342.9,0),(2593,117,'2012-10-13','03:06:00',183.778,53.616,0.952,22346,0),(2594,117,'2012-10-13','03:07:00',187.829,54.128,0.964,22349,0),(2595,117,'2012-10-13','03:08:00',185.24,52.94,0.982,22352.1,0),(2596,117,'2012-10-13','03:09:00',185.268,53.414,0.963,22355.1,0),(2597,117,'2012-10-13','03:10:00',181.117,52.731,0.954,22358.2,0),(2598,117,'2012-10-13','03:11:00',174.699,50.788,0.955,22361.1,0),(2599,117,'2012-10-13','03:12:00',177.155,50.631,0.972,22364.1,0),(2600,117,'2012-10-13','03:13:00',172.966,49.269,0.975,22367,0),(2601,117,'2012-10-13','03:14:00',179.436,51.482,0.968,22369.9,0),(2602,117,'2012-10-13','03:15:00',171.853,49.66,0.961,22372.9,0),(2603,117,'2012-10-13','03:16:00',175.731,51.024,0.957,22375.8,0),(2604,117,'2012-10-13','03:17:00',164.977,47.556,0.964,22378.7,0),(2605,117,'2012-10-13','03:18:00',183.694,53.299,0.957,22381.5,0),(2606,117,'2012-10-13','03:19:00',170.736,50.251,0.944,22384.4,0),(2607,117,'2012-10-13','03:20:00',172.377,49.362,0.97,22387.3,0),(2608,117,'2012-10-13','03:21:00',167.288,48.11,0.966,22390.2,0),(2609,117,'2012-10-13','03:22:00',183.442,52.198,0.976,22393.1,0),(2610,117,'2012-10-13','03:23:00',167.008,48.104,0.964,22396.1,0),(2611,117,'2012-10-13','03:24:00',155.336,45.363,0.951,22398.9,0),(2612,117,'2012-10-13','03:25:00',173.023,49.473,0.971,22401.8,0),(2613,117,'2012-10-13','03:26:00',169.811,49.38,0.955,22404.7,0),(2614,117,'2012-10-13','03:27:00',174.593,48.772,0.994,22407.6,0),(2615,117,'2012-10-13','03:28:00',176.635,50.406,0.973,22410.4,0),(2616,117,'2012-10-13','03:29:00',160.404,45.928,0.97,22413.3,0),(2617,117,'2012-10-13','03:30:00',169.01,49.243,0.953,22416.1,0),(2618,117,'2012-10-13','03:31:00',160.914,46.691,0.957,22419,0),(2619,117,'2012-10-13','03:32:00',169.947,50.296,0.959,22421.8,0),(2620,117,'2012-10-13','03:33:00',171.752,49.02,0.973,22424.6,0),(2621,117,'2012-10-13','03:34:00',158.75,45.346,0.972,22427.3,0),(2622,117,'2012-10-13','03:35:00',164.262,47.197,0.967,22429.9,0),(2623,117,'2012-10-13','03:36:00',183.529,52.87,0.964,22432.6,0),(2624,117,'2012-10-13','03:37:00',180.244,51.945,0.964,22435.4,0),(2625,117,'2012-10-13','03:38:00',176.87,50.001,0.983,22438.2,0),(2626,117,'2012-10-13','03:39:00',174.987,49.554,0.981,22441,0),(2627,117,'2012-10-13','03:40:00',152.453,44.226,0.958,22443.7,0),(2628,117,'2012-10-13','03:41:00',160.605,45.959,0.971,22446.3,0),(2629,117,'2012-10-13','03:42:00',152.137,44.411,0.952,22449,0),(2630,117,'2012-10-13','03:43:00',157.337,45.196,0.967,22451.8,0),(2631,117,'2012-10-13','03:44:00',160.072,46.284,0.961,22454.4,0),(2632,117,'2012-10-13','03:45:00',163.137,46.642,0.972,22457.1,0),(2633,117,'2012-10-13','03:46:00',143.847,41.734,0.957,22459.7,0),(2634,117,'2012-10-13','03:47:00',149.032,42.956,0.964,22462.2,0),(2635,117,'2012-10-13','03:48:00',166.936,46.924,0.988,22464.8,0),(2636,117,'2012-10-13','03:49:00',153.092,44.395,0.958,22467.4,0),(2637,117,'2012-10-13','03:50:00',155.464,44.453,0.971,22470.1,0),(2638,117,'2012-10-13','03:51:00',143.895,40.919,0.977,22472.7,0),(2639,117,'2012-10-13','03:52:00',153.55,43.24,0.986,22475.3,0),(2640,117,'2012-10-13','03:53:00',160.046,45.995,0.967,22478,0),(2641,117,'2012-10-13','03:54:00',151.625,46.85,0.899,22480.7,0),(2642,117,'2012-10-13','03:55:00',160.5,45.048,0.99,22483.1,0),(2643,117,'2012-10-13','03:56:00',161.899,49.631,0.906,22485.9,0),(2644,117,'2012-10-13','03:57:00',153.922,44.482,0.961,22488.6,0),(2645,117,'2012-10-13','03:58:00',163.063,45.381,0.998,22491.3,0),(2646,117,'2012-10-13','03:59:00',0.014,0.007,0.591,22492.9,0);
/*!40000 ALTER TABLE `datos_humeda` ENABLE KEYS */;
UNLOCK TABLES;

--
-- Table structure for table `datos_prima`
--

DROP TABLE IF EXISTS `datos_prima`;
/*!40101 SET @saved_cs_client     = @@character_set_client */;
/*!40101 SET character_set_client = utf8 */;
CREATE TABLE `datos_prima` (
  `id` bigint(20) NOT NULL AUTO_INCREMENT,
  `id_carga` bigint(20) NOT NULL,
  `date` date NOT NULL,
  `time` time NOT NULL,
  `flujo` float NOT NULL,
  `carga` float NOT NULL,
  `velocidad` float NOT NULL,
  `total1` float NOT NULL,
  `total2` float NOT NULL,
  PRIMARY KEY (`id`),
  KEY `datos_humeda_fk_1` (`id_carga`),
  CONSTRAINT `datos_prima_ibfk_1` FOREIGN KEY (`id_carga`) REFERENCES `cargas` (`id`) ON DELETE CASCADE ON UPDATE CASCADE
) ENGINE=InnoDB AUTO_INCREMENT=1676 DEFAULT CHARSET=utf8 COLLATE=utf8_spanish_ci COMMENT='Datos arena humeda';
/*!40101 SET character_set_client = @saved_cs_client */;

--
-- Dumping data for table `datos_prima`
--

LOCK TABLES `datos_prima` WRITE;
/*!40000 ALTER TABLE `datos_prima` DISABLE KEYS */;
INSERT INTO `datos_prima` VALUES (1079,85,'2012-11-15','12:00:00',211.251,68.904,0.852,55517.6,0),(1080,85,'2012-11-15','12:01:00',189.733,60.897,0.865,55519,0),(1081,85,'2012-11-15','12:02:00',222.236,73.118,0.844,55522.7,0),(1082,85,'2012-11-15','12:03:00',204.585,67.049,0.848,55526.3,0),(1083,85,'2012-11-15','12:04:00',202.337,67.668,0.831,55529.8,0),(1084,85,'2012-11-15','12:05:00',211.884,69.324,0.849,55533.4,0),(1085,85,'2012-11-15','12:06:00',213.364,70.26,0.844,55536.9,0),(1086,85,'2012-11-15','12:07:00',213.45,70.84,0.837,55540.5,0),(1087,85,'2012-11-15','12:08:00',208.851,67.409,0.861,55544.1,0),(1088,85,'2012-11-15','12:09:00',219.226,71.606,0.85,55547.7,0),(1089,85,'2012-11-15','12:10:00',214.534,71.545,0.833,55551.2,0),(1090,85,'2012-11-15','12:11:00',219.224,71.789,0.848,55554.8,0),(1091,85,'2012-11-15','12:12:00',217.069,70.858,0.851,55558.4,0),(1092,85,'2012-11-15','12:13:00',211.311,68.71,0.854,55561.9,0),(1093,85,'2012-11-15','12:14:00',206.55,67.975,0.844,55565.4,0),(1094,85,'2012-11-15','12:15:00',207.374,67.429,0.854,55568.9,0),(1095,85,'2012-11-15','12:16:00',216.389,70.473,0.853,55572.5,0),(1096,85,'2012-11-15','12:17:00',214.591,70.013,0.851,55576.1,0),(1097,85,'2012-11-15','12:18:00',215.227,70.138,0.852,55579.7,0),(1098,85,'2012-11-15','12:19:00',207.586,67.788,0.851,55583.4,0),(1099,85,'2012-11-15','12:20:00',217.403,71.427,0.845,55587,0),(1100,85,'2012-11-15','12:21:00',223.532,72.561,0.856,55590.5,0),(1101,85,'2012-11-15','12:22:00',211.192,69.923,0.839,55594.1,0),(1102,85,'2012-11-15','12:23:00',216.258,69.739,0.861,55597.7,0),(1103,85,'2012-11-15','12:24:00',218.687,71.546,0.849,55601.3,0),(1104,85,'2012-11-15','12:25:00',215.163,70.258,0.851,55604.9,0),(1105,85,'2012-11-15','12:26:00',217.728,72.206,0.838,55608.6,0),(1106,85,'2012-11-15','12:27:00',213.356,70.335,0.843,55612.3,0),(1107,85,'2012-11-15','12:28:00',216.088,71.111,0.844,55615.9,0),(1108,85,'2012-11-15','12:29:00',222.89,72.833,0.85,55619.6,0),(1109,85,'2012-11-15','12:30:00',208.958,67.922,0.855,55623.2,0),(1110,85,'2012-11-15','12:31:00',216.591,71.209,0.845,55626.9,0),(1111,85,'2012-11-15','12:32:00',210.135,69.872,0.835,55630.5,0),(1112,85,'2012-11-15','12:33:00',219.62,71.049,0.859,55634.1,0),(1113,85,'2012-11-15','12:34:00',216.19,70.737,0.849,55637.7,0),(1114,85,'2012-11-15','12:35:00',219.834,72.049,0.848,55641.2,0),(1115,85,'2012-11-15','12:36:00',212.384,69.989,0.843,55644.8,0),(1116,85,'2012-11-15','12:37:00',218.526,72.205,0.841,55648.4,0),(1117,85,'2012-11-15','12:38:00',209.309,69.134,0.841,55652,0),(1118,85,'2012-11-15','12:39:00',214.496,71.285,0.836,55655.7,0),(1119,85,'2012-11-15','12:40:00',212.186,70.392,0.837,55659.3,0),(1120,85,'2012-11-15','12:41:00',223.146,71.456,0.867,55662.9,0),(1121,85,'2012-11-15','12:42:00',202.351,67.256,0.836,55666.4,0),(1122,85,'2012-11-15','12:43:00',213.292,69.954,0.847,55670,0),(1123,85,'2012-11-15','12:44:00',219.771,71.326,0.856,55673.6,0),(1124,85,'2012-11-15','12:45:00',218.436,72.423,0.838,55677.2,0),(1125,85,'2012-11-15','12:46:00',210.21,69.053,0.846,55680.8,0),(1126,85,'2012-11-15','12:47:00',209.337,69.033,0.842,55684.4,0),(1127,85,'2012-11-15','12:48:00',212.817,68.501,0.863,55687.9,0),(1128,85,'2012-11-15','12:49:00',217.533,70.893,0.852,55691.5,0),(1129,85,'2012-11-15','12:50:00',203.281,66.573,0.848,55695.1,0),(1130,85,'2012-11-15','12:51:00',224.258,73.287,0.85,55698.6,0),(1131,85,'2012-11-15','12:52:00',212.468,69.219,0.853,55702.1,0),(1132,85,'2012-11-15','12:53:00',222.284,72.226,0.855,55705.7,0),(1133,85,'2012-11-15','12:54:00',201.62,67.149,0.834,55709.2,0),(1134,85,'2012-11-15','12:55:00',211.916,69.373,0.849,55712.8,0),(1135,85,'2012-11-15','12:56:00',212.196,69.879,0.844,55716.3,0),(1136,85,'2012-11-15','12:57:00',206.809,68.684,0.836,55719.9,0),(1137,85,'2012-11-15','12:58:00',219.497,73.064,0.834,55723.4,0),(1138,85,'2012-11-15','12:59:00',212.066,70.112,0.84,55727,0),(1139,86,'2012-11-15','13:00:00',210.699,68.933,0.849,55730.5,0),(1140,86,'2012-11-15','13:01:00',210.481,69.591,0.84,55734,0),(1141,86,'2012-11-15','13:02:00',216.212,69.455,0.865,55737.6,0),(1142,86,'2012-11-15','13:03:00',213.667,69.905,0.849,55741.1,0),(1143,86,'2012-11-15','13:04:00',213.249,69.064,0.858,55744.7,0),(1144,86,'2012-11-15','13:05:00',214.588,70.699,0.843,55748.3,0),(1145,86,'2012-11-15','13:06:00',201.882,66.351,0.845,55751.8,0),(1146,86,'2012-11-15','13:07:00',211.399,70.349,0.835,55755.4,0),(1147,86,'2012-11-15','13:08:00',202.056,66.34,0.846,55759,0),(1148,86,'2012-11-15','13:09:00',222.352,71.965,0.858,55762.5,0),(1149,86,'2012-11-15','13:10:00',212.93,69.532,0.851,55766.1,0),(1150,86,'2012-11-15','13:11:00',202.618,67.185,0.838,55769.6,0),(1151,86,'2012-11-15','13:12:00',213.232,70.747,0.837,55773.2,0),(1152,86,'2012-11-15','13:13:00',215.185,70.849,0.844,55776.8,0),(1153,86,'2012-11-15','13:14:00',204.696,67.304,0.845,55780.3,0),(1154,86,'2012-11-15','13:15:00',208.697,68.388,0.848,55783.9,0),(1155,86,'2012-11-15','13:16:00',207.604,69.453,0.83,55787.4,0),(1156,86,'2012-11-15','13:17:00',211.832,70.561,0.834,55790.9,0),(1157,86,'2012-11-15','13:18:00',212.723,70.24,0.841,55794.4,0),(1158,86,'2012-11-15','13:19:00',214.144,68.597,0.867,55797.9,0),(1159,86,'2012-11-15','13:20:00',206.114,68.102,0.841,55801.5,0),(1160,86,'2012-11-15','13:21:00',213.545,69.687,0.851,55804.9,0),(1161,86,'2012-11-15','13:22:00',210.663,68.959,0.849,55808.4,0),(1162,86,'2012-11-15','13:23:00',216.136,69.986,0.858,55811.9,0),(1163,86,'2012-11-15','13:24:00',213.498,69.152,0.858,55815.4,0),(1164,86,'2012-11-15','13:25:00',229.104,74.886,0.85,55819,0),(1165,86,'2012-11-15','13:26:00',211.629,68.527,0.858,55822.5,0),(1166,86,'2012-11-15','13:27:00',210.7,69.017,0.848,55826,0),(1167,86,'2012-11-15','13:28:00',211.676,69.273,0.849,55829.6,0),(1168,86,'2012-11-15','13:29:00',200.815,65.718,0.849,55833.1,0),(1169,86,'2012-11-15','13:30:00',198.417,65.8,0.838,55836.6,0),(1170,86,'2012-11-15','13:31:00',216.932,70.994,0.849,55840.1,0),(1171,86,'2012-11-15','13:32:00',212.027,68.854,0.855,55843.6,0),(1172,86,'2012-11-15','13:33:00',219.795,69.965,0.873,55847.1,0),(1173,86,'2012-11-15','13:34:00',205.708,68.018,0.84,55850.6,0),(1174,86,'2012-11-15','13:35:00',223.556,72.504,0.856,55854.1,0),(1175,86,'2012-11-15','13:36:00',213.239,68.959,0.859,55857.6,0),(1176,86,'2012-11-15','13:37:00',221.537,73.405,0.838,55861.1,0),(1177,86,'2012-11-15','13:38:00',227.897,73.953,0.856,55864.6,0),(1178,86,'2012-11-15','13:39:00',209.466,68.566,0.849,55868.1,0),(1179,86,'2012-11-15','13:40:00',209.675,67.245,0.866,55871.6,0),(1180,86,'2012-11-15','13:41:00',196.777,66.271,0.825,55875.1,0),(1181,86,'2012-11-15','13:42:00',211.48,68.28,0.86,55878.7,0),(1182,86,'2012-11-15','13:43:00',201.299,66.714,0.838,55882.1,0),(1183,86,'2012-11-15','13:44:00',207.14,66.891,0.86,55885.6,0),(1184,86,'2012-11-15','13:45:00',212.822,68.779,0.86,55889.1,0),(1185,86,'2012-11-15','13:46:00',197.488,65.779,0.834,55892.5,0),(1186,86,'2012-11-15','13:47:00',212.813,69.851,0.846,55896,0),(1187,86,'2012-11-15','13:48:00',206.495,68.013,0.843,55899.5,0),(1188,86,'2012-11-15','13:49:00',213.87,70.472,0.843,55903,0),(1189,86,'2012-11-15','13:50:00',208.363,68.491,0.845,55906.6,0),(1190,86,'2012-11-15','13:51:00',206.635,68.776,0.835,55910.1,0),(1191,86,'2012-11-15','13:52:00',212.784,69.242,0.854,55913.7,0),(1192,86,'2012-11-15','13:53:00',209.147,68.407,0.849,55917.3,0),(1193,86,'2012-11-15','13:54:00',210.926,67.761,0.865,55920.8,0),(1194,86,'2012-11-15','13:55:00',215.2,70.113,0.853,55924.4,0),(1195,86,'2012-11-15','13:56:00',210.066,68.468,0.852,55928,0),(1196,86,'2012-11-15','13:57:00',214.23,70.557,0.843,55931.5,0),(1197,86,'2012-11-15','13:58:00',227.549,73.94,0.855,55935.1,0),(1198,86,'2012-11-15','13:59:00',204.861,66.957,0.85,55938.6,0),(1199,87,'2012-11-15','14:00:00',211.848,70.671,0.833,55942.2,0),(1200,87,'2012-11-15','14:01:00',211.507,69.54,0.845,55945.7,0),(1201,87,'2012-11-15','14:02:00',215.708,71.178,0.842,55949.3,0),(1202,87,'2012-11-15','14:03:00',225.176,72.528,0.862,55952.9,0),(1203,87,'2012-11-15','14:04:00',201.288,67.208,0.832,55956.4,0),(1204,87,'2012-11-15','14:05:00',198.832,64.392,0.858,55959.7,0),(1205,87,'2012-11-15','14:06:00',225.737,74.02,0.847,55962.9,0),(1206,87,'2012-11-15','14:07:00',202.033,67.188,0.835,55966.5,0),(1207,87,'2012-11-15','14:08:00',207.211,67.585,0.852,55970.1,0),(1208,87,'2012-11-15','14:09:00',215.733,70.858,0.846,55973.6,0),(1209,87,'2012-11-15','14:10:00',216.673,69.083,0.871,55977.2,0),(1210,87,'2012-11-15','14:11:00',209.412,67.818,0.858,55980.8,0),(1211,87,'2012-11-15','14:12:00',203.624,68.523,0.825,55984.3,0),(1212,87,'2012-11-15','14:13:00',214.034,70.83,0.839,55987.8,0),(1213,87,'2012-11-15','14:14:00',210.913,69.165,0.847,55991.4,0),(1214,87,'2012-11-15','14:15:00',227.748,74.95,0.844,55994.9,0),(1215,87,'2012-11-15','14:16:00',217.454,71.548,0.844,55998.4,0),(1216,87,'2012-11-15','14:17:00',210.347,69.369,0.842,56001.9,0),(1217,87,'2012-11-15','14:18:00',206.548,67.957,0.844,56005.4,0),(1218,87,'2012-11-15','14:19:00',210.513,70.04,0.835,56009,0),(1219,87,'2012-11-15','14:20:00',210.121,69.136,0.844,56012.6,0),(1220,87,'2012-11-15','14:21:00',229.944,75.653,0.844,56016.1,0),(1221,87,'2012-11-15','14:22:00',206.803,67.299,0.854,56019.7,0),(1222,87,'2012-11-15','14:23:00',221.723,70.93,0.868,56023.3,0),(1223,87,'2012-11-15','14:24:00',206.781,67.076,0.856,56026.8,0),(1224,87,'2012-11-15','14:25:00',211.153,69.109,0.849,56030.4,0),(1225,87,'2012-11-15','14:26:00',209.08,68.519,0.848,56033.9,0),(1226,87,'2012-11-15','14:27:00',223.346,74.246,0.836,56037.4,0),(1227,87,'2012-11-15','14:28:00',212.786,69.648,0.849,56040.9,0),(1228,87,'2012-11-15','14:29:00',210.968,69.788,0.84,56044.4,0),(1229,87,'2012-11-15','14:30:00',215.859,70.512,0.85,56048,0),(1230,87,'2012-11-15','14:31:00',207.656,67.277,0.857,56051.5,0),(1231,87,'2012-11-15','14:32:00',211.779,71.064,0.828,56055,0),(1232,87,'2012-11-15','14:33:00',201.45,65.48,0.855,56058.6,0),(1233,87,'2012-11-15','14:34:00',207.313,67.559,0.852,56062.1,0),(1234,87,'2012-11-15','14:35:00',218.566,72.128,0.842,56065.6,0),(1235,87,'2012-11-15','14:36:00',222.536,71.576,0.864,56069.3,0),(1236,87,'2012-11-15','14:37:00',200.94,65.565,0.851,56072.9,0),(1237,87,'2012-11-15','14:38:00',197.848,65.368,0.841,56076.2,0),(1238,87,'2012-11-15','14:39:00',199.084,64.751,0.854,56079.6,0),(1239,87,'2012-11-15','14:40:00',201.6,64.808,0.864,56082.9,0),(1240,87,'2012-11-15','14:41:00',195.812,65.85,0.826,56086.3,0),(1241,87,'2012-11-15','14:42:00',193.944,62.354,0.864,56089.6,0),(1242,87,'2012-11-15','14:43:00',201.564,65.394,0.856,56093,0),(1243,87,'2012-11-15','14:44:00',210.735,68.983,0.849,56096.4,0),(1244,87,'2012-11-15','14:45:00',206.195,67.93,0.843,56099.9,0),(1245,87,'2012-11-15','14:46:00',201.538,66.284,0.845,56103.2,0),(1246,87,'2012-11-15','14:47:00',207.579,67.197,0.858,56106.7,0),(1247,87,'2012-11-15','14:48:00',195.262,65.046,0.834,56110.1,0),(1248,87,'2012-11-15','14:49:00',229.182,74.569,0.854,56112.7,0),(1249,87,'2012-11-15','14:50:00',238.821,77.303,0.858,56116.4,0),(1250,87,'2012-11-15','14:51:00',230.296,74.53,0.858,56120.2,0),(1251,87,'2012-11-15','14:52:00',227.001,74.183,0.85,56124.1,0),(1252,87,'2012-11-15','14:53:00',215.677,71.601,0.837,56127.9,0),(1253,87,'2012-11-15','14:54:00',230.091,74.124,0.862,56131.6,0),(1254,87,'2012-11-15','14:55:00',220.812,73.565,0.834,56135.4,0),(1255,87,'2012-11-15','14:56:00',227.061,72.904,0.865,56139.2,0),(1256,87,'2012-11-15','14:57:00',214.486,71.63,0.832,56143,0),(1257,87,'2012-11-15','14:58:00',227.329,76.171,0.829,56146.8,0),(1258,87,'2012-11-15','14:59:00',232.089,75.637,0.852,56150.6,0),(1319,101,'2012-10-11','01:00:00',238.709,76.769,0.864,89324.4,0),(1320,101,'2012-10-11','01:01:00',241.023,77.366,0.865,89328.2,0),(1321,101,'2012-10-11','01:02:00',237.883,78.231,0.845,89332.1,0),(1322,101,'2012-10-11','01:03:00',246.105,79.407,0.861,89336,0),(1323,101,'2012-10-11','01:04:00',233.634,76.139,0.852,89339.8,0),(1324,101,'2012-10-11','01:05:00',225.491,74.731,0.838,89343.7,0),(1325,101,'2012-10-11','01:06:00',235.533,75.568,0.866,89347.5,0),(1326,101,'2012-10-11','01:07:00',239.136,76.069,0.873,89351.4,0),(1327,101,'2012-10-11','01:08:00',234.856,76.323,0.855,89355.3,0),(1328,101,'2012-10-11','01:09:00',228.333,74.483,0.852,89359.2,0),(1329,101,'2012-10-11','01:10:00',233.423,75.663,0.857,89363.1,0),(1330,101,'2012-10-11','01:11:00',232.037,74.88,0.861,89367,0),(1331,101,'2012-10-11','01:12:00',233.176,75.458,0.858,89370.9,0),(1332,101,'2012-10-11','01:13:00',233.738,75.337,0.862,89374.8,0),(1333,101,'2012-10-11','01:14:00',238.511,78.894,0.84,89378.7,0),(1334,101,'2012-10-11','01:15:00',223.782,73.898,0.841,89382.6,0),(1335,101,'2012-10-11','01:16:00',229.526,74.869,0.852,89386.4,0),(1336,101,'2012-10-11','01:17:00',232.754,75.89,0.852,89390.3,0),(1337,101,'2012-10-11','01:18:00',228.621,74.036,0.858,89394.1,0),(1338,101,'2012-10-11','01:19:00',217.408,73.075,0.826,89397.9,0),(1339,101,'2012-10-11','01:20:00',207.986,68.714,0.841,89401.2,0),(1340,101,'2012-10-11','01:21:00',202.367,66.743,0.842,89404.6,0),(1341,101,'2012-10-11','01:22:00',204.907,66.175,0.86,89408,0),(1342,101,'2012-10-11','01:23:00',203.125,65.883,0.856,89411.4,0),(1343,101,'2012-10-11','01:24:00',214.681,69.468,0.858,89414.7,0),(1344,101,'2012-10-11','01:25:00',202.905,65.481,0.861,89418.1,0),(1345,101,'2012-10-11','01:26:00',204.081,67.181,0.844,89421.4,0),(1346,101,'2012-10-11','01:27:00',206.299,67.742,0.846,89424.8,0),(1347,101,'2012-10-11','01:28:00',203.941,65.307,0.867,89428.1,0),(1348,101,'2012-10-11','01:29:00',199.363,64.701,0.856,89431.4,0),(1349,101,'2012-10-11','01:30:00',193.695,63.689,0.845,89434.6,0),(1350,101,'2012-10-11','01:31:00',188.565,60.703,0.863,89437.9,0),(1351,101,'2012-10-11','01:32:00',0,94964.8,0,89439.7,0),(1352,101,'2012-10-11','01:33:00',0,94964.2,0,89439.7,0),(1353,101,'2012-10-11','01:34:00',0,94964,0,89439.7,0),(1354,101,'2012-10-11','01:35:00',225.797,72.465,0.866,89441.7,0),(1355,101,'2012-10-11','01:36:00',214.706,70.737,0.843,89445.3,0),(1356,101,'2012-10-11','01:37:00',218.25,71.491,0.848,89448.9,0),(1357,101,'2012-10-11','01:38:00',218.923,70.706,0.86,89452.6,0),(1358,101,'2012-10-11','01:39:00',228.508,73.987,0.858,89456.2,0),(1359,101,'2012-10-11','01:40:00',208.507,69.546,0.833,89459.9,0),(1360,101,'2012-10-11','01:41:00',216.484,71.316,0.843,89463.5,0),(1361,101,'2012-10-11','01:42:00',225.108,74.815,0.836,89467.2,0),(1362,101,'2012-10-11','01:43:00',226.098,73.522,0.854,89470.9,0),(1363,101,'2012-10-11','01:44:00',219.783,72.482,0.842,89474.7,0),(1364,101,'2012-10-11','01:45:00',244.42,79.191,0.857,89478.6,0),(1365,101,'2012-10-11','01:46:00',228.498,73.15,0.868,89482.5,0),(1366,101,'2012-10-11','01:47:00',228.725,74.645,0.851,89486.5,0),(1367,101,'2012-10-11','01:48:00',235.012,77.508,0.842,89490.3,0),(1368,101,'2012-10-11','01:49:00',233.501,76.33,0.85,89494.2,0),(1369,101,'2012-10-11','01:50:00',228.521,75.323,0.843,89497.9,0),(1370,101,'2012-10-11','01:51:00',230.02,74.603,0.856,89501.8,0),(1371,101,'2012-10-11','01:52:00',232.708,76.212,0.848,89505.7,0),(1372,101,'2012-10-11','01:53:00',233.773,75.628,0.859,89509.5,0),(1373,101,'2012-10-11','01:54:00',232.119,76.077,0.848,89513.3,0),(1374,101,'2012-10-11','01:55:00',223.961,74.913,0.83,89517.1,0),(1375,101,'2012-10-11','01:56:00',232.855,73.544,0.88,89520.8,0),(1376,101,'2012-10-11','01:57:00',223.548,72.045,0.862,89524.5,0),(1377,101,'2012-10-11','01:58:00',213.782,70.334,0.844,89528.1,0),(1378,101,'2012-10-11','01:59:00',204.018,66.661,0.85,89531.7,0),(1379,102,'2012-10-11','02:00:00',205.023,66.955,0.851,89535.3,0),(1380,102,'2012-10-11','02:01:00',223.706,72.222,0.86,89538.9,0),(1381,102,'2012-10-11','02:02:00',226.555,73.996,0.85,89542.6,0),(1382,102,'2012-10-11','02:03:00',225.987,73.037,0.859,89546.3,0),(1383,102,'2012-10-11','02:04:00',239.193,76.207,0.872,89550,0),(1384,102,'2012-10-11','02:05:00',231.065,75.429,0.851,89553.8,0),(1385,102,'2012-10-11','02:06:00',222.587,74.322,0.832,89557.6,0),(1386,102,'2012-10-11','02:07:00',228.891,74.77,0.85,89561.4,0),(1387,102,'2012-10-11','02:08:00',220.04,73.151,0.836,89565.3,0),(1388,102,'2012-10-11','02:09:00',216.335,70.936,0.847,89569.1,0),(1389,102,'2012-10-11','02:10:00',223.37,73.882,0.84,89572.9,0),(1390,102,'2012-10-11','02:11:00',233.714,75.729,0.857,89576.6,0),(1391,102,'2012-10-11','02:12:00',227.892,73.69,0.859,89580.5,0),(1392,102,'2012-10-11','02:13:00',225.592,72.316,0.867,89584.3,0),(1393,102,'2012-10-11','02:14:00',228.237,74.755,0.848,89588,0),(1394,102,'2012-10-11','02:15:00',225.452,73.572,0.851,89591.8,0),(1395,102,'2012-10-11','02:16:00',228.325,73.919,0.858,89595.5,0),(1396,102,'2012-10-11','02:17:00',223.667,73.846,0.841,89599.3,0),(1397,102,'2012-10-11','02:18:00',220.562,70.762,0.866,89603,0),(1398,102,'2012-10-11','02:19:00',218.555,70.993,0.855,89606.8,0),(1399,102,'2012-10-11','02:20:00',227.608,75.246,0.84,89610.5,0),(1400,102,'2012-10-11','02:21:00',218.087,72.247,0.839,89614.3,0),(1401,102,'2012-10-11','02:22:00',216.211,70.384,0.853,89617.9,0),(1402,102,'2012-10-11','02:23:00',219.311,71.41,0.853,89621.6,0),(1403,102,'2012-10-11','02:24:00',208.295,68.904,0.84,89625.2,0),(1404,102,'2012-10-11','02:25:00',228.83,73.283,0.867,89628.8,0),(1405,102,'2012-10-11','02:26:00',218.173,70.64,0.858,89632.5,0),(1406,102,'2012-10-11','02:27:00',217.025,71.972,0.838,89636.1,0),(1407,102,'2012-10-11','02:28:00',233.497,75.297,0.861,89639.9,0),(1408,102,'2012-10-11','02:29:00',231.243,75.92,0.846,89643.8,0),(1409,102,'2012-10-11','02:30:00',233.25,77.204,0.839,89647.8,0),(1410,102,'2012-10-11','02:31:00',225.139,73.431,0.852,89651.6,0),(1411,102,'2012-10-11','02:32:00',226.49,75.146,0.837,89655.4,0),(1412,102,'2012-10-11','02:33:00',229.788,75.245,0.848,89659.2,0),(1413,102,'2012-10-11','02:34:00',222.056,73.958,0.834,89663,0),(1414,102,'2012-10-11','02:35:00',225.942,74.259,0.845,89666.8,0),(1415,102,'2012-10-11','02:36:00',232.156,74.858,0.861,89670.6,0),(1416,102,'2012-10-11','02:37:00',224.543,73.735,0.846,89674.4,0),(1417,102,'2012-10-11','02:38:00',225.664,75.212,0.833,89678.2,0),(1418,102,'2012-10-11','02:39:00',237.429,75.835,0.87,89682,0),(1419,102,'2012-10-11','02:40:00',225.074,74.33,0.841,89685.9,0),(1420,102,'2012-10-11','02:41:00',227.778,73.34,0.863,89689.6,0),(1421,102,'2012-10-11','02:42:00',237.02,75.734,0.869,89693.5,0),(1422,102,'2012-10-11','02:43:00',223.875,75.06,0.829,89697.5,0),(1423,102,'2012-10-11','02:44:00',233.159,75.64,0.856,89701.3,0),(1424,102,'2012-10-11','02:45:00',214.722,68.944,0.865,89705,0),(1425,102,'2012-10-11','02:46:00',221.576,72.07,0.854,89708.6,0),(1426,102,'2012-10-11','02:47:00',223.657,72.731,0.854,89712.3,0),(1427,102,'2012-10-11','02:48:00',206.156,68.048,0.842,89716,0),(1428,102,'2012-10-11','02:49:00',226.973,73.528,0.857,89719.6,0),(1429,102,'2012-10-11','02:50:00',218.184,70.546,0.859,89723.2,0),(1430,102,'2012-10-11','02:51:00',223.617,72.994,0.851,89726.8,0),(1431,102,'2012-10-11','02:52:00',217.194,71.835,0.84,89730.5,0),(1432,102,'2012-10-11','02:53:00',220.136,73.172,0.836,89734.2,0),(1433,102,'2012-10-11','02:54:00',230.401,73.829,0.867,89737.9,0),(1434,102,'2012-10-11','02:55:00',226.652,76.201,0.826,89741.7,0),(1435,102,'2012-10-11','02:56:00',229.521,75.664,0.843,89745.5,0),(1436,102,'2012-10-11','02:57:00',230.505,74.504,0.859,89749.3,0),(1437,102,'2012-10-11','02:58:00',227.379,74.156,0.852,89753.1,0),(1438,102,'2012-10-11','02:59:00',233.488,76.71,0.845,89756.9,0),(1439,103,'2012-10-11','03:00:00',233.911,75.965,0.855,89760.8,0),(1440,103,'2012-10-11','03:01:00',227.257,75.587,0.835,89764.6,0),(1441,103,'2012-10-11','03:02:00',218.49,71.781,0.846,89768.4,0),(1442,103,'2012-10-11','03:03:00',224.473,73.665,0.846,89772.1,0),(1443,103,'2012-10-11','03:04:00',225.212,73.606,0.85,89775.8,0),(1444,103,'2012-10-11','03:05:00',224.772,73.176,0.853,89779.6,0),(1445,103,'2012-10-11','03:06:00',231.487,74.453,0.864,89783.4,0),(1446,103,'2012-10-11','03:07:00',217.437,71.115,0.849,89787.1,0),(1447,103,'2012-10-11','03:08:00',227.805,74.94,0.844,89790.9,0),(1448,103,'2012-10-11','03:09:00',215.832,71.382,0.84,89794.6,0),(1449,103,'2012-10-11','03:10:00',203.206,64.743,0.872,89798.2,0),(1450,103,'2012-10-11','03:11:00',189.473,62.731,0.839,89801.5,0),(1451,103,'2012-10-11','03:12:00',206.967,67.493,0.852,89804.8,0),(1452,103,'2012-10-11','03:13:00',199.388,65.454,0.846,89808.1,0),(1453,103,'2012-10-11','03:14:00',199.702,66.325,0.836,89811.4,0),(1454,103,'2012-10-11','03:15:00',194.772,62.777,0.862,89814.7,0),(1455,103,'2012-10-11','03:16:00',187.891,62.018,0.842,89818,0),(1456,103,'2012-10-11','03:17:00',203.214,65.405,0.863,89821.3,0),(1457,103,'2012-10-11','03:18:00',186.281,61.774,0.838,89824.5,0),(1458,103,'2012-10-11','03:19:00',195.51,64.661,0.84,89827.8,0),(1459,103,'2012-10-11','03:20:00',186.429,61.649,0.84,89831,0),(1460,103,'2012-10-11','03:21:00',187.081,60.953,0.853,89834.2,0),(1461,103,'2012-10-11','03:22:00',198.857,64.21,0.86,89837.4,0),(1462,103,'2012-10-11','03:23:00',188.756,62.248,0.842,89840.7,0),(1463,103,'2012-10-11','03:24:00',199.909,64.449,0.862,89844,0),(1464,103,'2012-10-11','03:25:00',226.528,73.193,0.86,89846.9,0),(1465,103,'2012-10-11','03:26:00',216.716,69.988,0.86,89850.6,0),(1466,103,'2012-10-11','03:27:00',216.879,70.052,0.86,89854.2,0),(1467,103,'2012-10-11','03:28:00',207.506,68.223,0.845,89857.7,0),(1468,103,'2012-10-11','03:29:00',216.365,71.662,0.839,89861.3,0),(1469,103,'2012-10-11','03:30:00',233.29,75.246,0.861,89865,0),(1470,103,'2012-10-11','03:31:00',236.195,75.886,0.865,89868.8,0),(1471,103,'2012-10-11','03:32:00',219.52,70.724,0.862,89872.5,0),(1472,103,'2012-10-11','03:33:00',229.821,74.555,0.856,89876.3,0),(1473,103,'2012-10-11','03:34:00',220.827,73.035,0.84,89880.1,0),(1474,103,'2012-10-11','03:35:00',225.197,72.631,0.861,89883.8,0),(1475,103,'2012-10-11','03:36:00',215.975,71.706,0.837,89887.5,0),(1476,103,'2012-10-11','03:37:00',225.949,74.884,0.838,89891.3,0),(1477,103,'2012-10-11','03:38:00',233.979,75.054,0.866,89895.1,0),(1478,103,'2012-10-11','03:39:00',214.225,70.055,0.849,89898.9,0),(1479,103,'2012-10-11','03:40:00',217.108,71.366,0.845,89902.8,0),(1480,103,'2012-10-11','03:41:00',221.999,72.017,0.856,89906.6,0),(1481,103,'2012-10-11','03:42:00',224.768,75.129,0.831,89910.4,0),(1482,103,'2012-10-11','03:43:00',227.462,74.995,0.843,89914.2,0),(1483,103,'2012-10-11','03:44:00',226.607,74.866,0.841,89918,0),(1484,103,'2012-10-11','03:45:00',232.958,76.335,0.848,89921.9,0),(1485,103,'2012-10-11','03:46:00',238.601,77.284,0.858,89925.7,0),(1486,103,'2012-10-11','03:47:00',224.535,74.548,0.837,89929.5,0),(1487,103,'2012-10-11','03:48:00',217.329,72.102,0.837,89933.2,0),(1488,103,'2012-10-11','03:49:00',231.947,75.124,0.858,89936.9,0),(1489,103,'2012-10-11','03:50:00',223.637,73.826,0.841,89940.6,0),(1490,103,'2012-10-11','03:51:00',218.777,72.406,0.839,89944.4,0),(1491,103,'2012-10-11','03:52:00',228.446,72.762,0.872,89948.1,0),(1492,103,'2012-10-11','03:53:00',235.682,75.64,0.866,89951.9,0),(1493,103,'2012-10-11','03:54:00',218.957,72.818,0.835,89955.7,0),(1494,103,'2012-10-11','03:55:00',224.103,74.063,0.841,89959.5,0),(1495,103,'2012-10-11','03:56:00',211.842,69.923,0.842,89963.2,0),(1496,103,'2012-10-11','03:57:00',222.88,74.157,0.835,89967,0),(1497,103,'2012-10-11','03:58:00',213.964,69.893,0.85,89970.9,0),(1498,103,'2012-10-11','03:59:00',232.58,76.43,0.845,89974.7,0),(1499,104,'2012-10-11','04:00:00',226.098,75.325,0.834,89978.5,0),(1500,104,'2012-10-11','04:01:00',235.139,77.416,0.844,89982.4,0),(1501,104,'2012-10-11','04:02:00',225.032,75.064,0.833,89986.3,0),(1502,104,'2012-10-11','04:03:00',232.676,74.968,0.862,89990.1,0),(1503,104,'2012-10-11','04:04:00',237.214,78.008,0.845,89994,0),(1504,104,'2012-10-11','04:05:00',231.428,75.335,0.853,89997.8,0),(1505,104,'2012-10-11','04:06:00',222.154,71.837,0.859,90001.6,0),(1506,104,'2012-10-11','04:07:00',223.563,72.544,0.856,90005.4,0),(1507,104,'2012-10-11','04:08:00',210.366,69.141,0.845,90009,0),(1508,104,'2012-10-11','04:09:00',216.086,71.515,0.839,90012.6,0),(1509,104,'2012-10-11','04:10:00',208.493,68.883,0.841,90016.2,0),(1510,104,'2012-10-11','04:11:00',211.035,69.175,0.847,90019.8,0),(1511,104,'2012-10-11','04:12:00',235.921,75.919,0.863,90023.4,0),(1512,104,'2012-10-11','04:13:00',212.82,69.654,0.849,90027.1,0),(1513,104,'2012-10-11','04:14:00',212.169,69.691,0.846,90030.7,0),(1514,104,'2012-10-11','04:15:00',225.211,73.711,0.849,90034.4,0),(1515,104,'2012-10-11','04:16:00',220.899,71.903,0.853,90038.1,0),(1516,104,'2012-10-11','04:17:00',221.107,72.094,0.852,90041.8,0),(1517,104,'2012-10-11','04:18:00',219.36,72.386,0.842,90045.5,0),(1518,104,'2012-10-11','04:19:00',226.65,74.332,0.847,90049.2,0),(1519,104,'2012-10-11','04:20:00',224.757,73.193,0.853,90053,0),(1520,104,'2012-10-11','04:21:00',233.538,75.458,0.86,90056.8,0),(1521,104,'2012-10-11','04:22:00',227.49,74.473,0.849,90060.6,0),(1522,104,'2012-10-11','04:23:00',226.988,74.186,0.85,90064.3,0),(1523,104,'2012-10-11','04:24:00',224.84,75.429,0.828,90068.2,0),(1524,104,'2012-10-11','04:25:00',234.299,75.569,0.861,90072,0),(1525,104,'2012-10-11','04:26:00',237.531,76.847,0.859,90075.9,0),(1526,104,'2012-10-11','04:27:00',222.316,73.925,0.835,90079.8,0),(1527,104,'2012-10-11','04:28:00',232.228,75.272,0.857,90083.6,0),(1528,104,'2012-10-11','04:29:00',233.188,75.86,0.854,90087.4,0),(1529,104,'2012-10-11','04:30:00',233.947,76.426,0.85,90091.3,0),(1530,104,'2012-10-11','04:31:00',235.918,76.13,0.861,90095.2,0),(1531,104,'2012-10-11','04:32:00',219.88,73.687,0.829,90099.1,0),(1532,104,'2012-10-11','04:33:00',226.957,72.668,0.868,90102.9,0),(1533,104,'2012-10-11','04:34:00',224.565,74.141,0.841,90106.7,0),(1534,104,'2012-10-11','04:35:00',227.033,74.136,0.851,90110.5,0),(1535,104,'2012-10-11','04:36:00',230.64,75.124,0.853,90114.3,0),(1536,104,'2012-10-11','04:37:00',242.357,76.101,0.885,90118.2,0),(1537,104,'2012-10-11','04:38:00',237.904,77.066,0.857,90122,0),(1538,104,'2012-10-11','04:39:00',238.619,79.664,0.832,90126,0),(1539,104,'2012-10-11','04:40:00',233.496,77.444,0.838,90130,0),(1540,104,'2012-10-11','04:41:00',236.771,78.185,0.841,90134,0),(1541,104,'2012-10-11','04:42:00',253.555,83.008,0.848,90138.1,0),(1542,104,'2012-10-11','04:43:00',241.06,77.987,0.859,90142.2,0),(1543,104,'2012-10-11','04:44:00',232.444,77.063,0.838,90146.2,0),(1544,104,'2012-10-11','04:45:00',229.709,76.681,0.832,90150.2,0),(1545,104,'2012-10-11','04:46:00',229.137,75.747,0.84,90154.1,0),(1546,104,'2012-10-11','04:47:00',0,3.898,0,90157.1,0),(1547,104,'2012-10-11','04:48:00',224.84,72.97,0.856,90158.3,0),(1548,104,'2012-10-11','04:49:00',232.996,74.883,0.864,90162,0),(1549,104,'2012-10-11','04:50:00',227.704,72.838,0.868,90165.8,0),(1550,104,'2012-10-11','04:51:00',218.795,71.899,0.845,90169.5,0),(1551,104,'2012-10-11','04:52:00',0,4.492,0,90172.7,0),(1552,104,'2012-10-11','04:53:00',0,2.724,0,90172.7,0),(1553,104,'2012-10-11','04:54:00',218.524,71.577,0.848,90174.8,0),(1554,104,'2012-10-11','04:55:00',209.805,69.851,0.834,90178.5,0),(1555,104,'2012-10-11','04:56:00',215.118,70.424,0.848,90182.1,0),(1556,104,'2012-10-11','04:57:00',217.575,70.187,0.861,90185.8,0),(1557,104,'2012-10-11','04:58:00',227.619,74.19,0.852,90189.4,0),(1558,104,'2012-10-11','04:59:00',217.465,72.327,0.835,90193,0),(1559,105,'2012-10-11','05:00:00',235.717,76.558,0.855,90196.8,0),(1560,105,'2012-10-11','05:01:00',231.912,75.315,0.855,90200.6,0),(1561,105,'2012-10-11','05:02:00',225.229,73.396,0.852,90204.3,0),(1562,105,'2012-10-11','05:03:00',219.035,72.377,0.841,90208.1,0),(1563,105,'2012-10-11','05:04:00',221.359,72.894,0.844,90211.9,0),(1564,105,'2012-10-11','05:05:00',226.813,75.144,0.838,90215.8,0),(1565,105,'2012-10-11','05:06:00',238.744,79.184,0.838,90219.6,0),(1566,105,'2012-10-11','05:07:00',234.887,76.903,0.848,90223.5,0),(1567,105,'2012-10-11','05:08:00',236.021,77.212,0.849,90227.3,0),(1568,105,'2012-10-11','05:09:00',237.211,77.792,0.847,90231.1,0),(1569,105,'2012-10-11','05:10:00',226.592,73.545,0.856,90234.9,0),(1570,105,'2012-10-11','05:11:00',223.227,72.049,0.861,90238.7,0),(1571,105,'2012-10-11','05:12:00',223.748,74.766,0.831,90242.5,0),(1572,105,'2012-10-11','05:13:00',224.198,74.663,0.834,90246.3,0),(1573,105,'2012-10-11','05:14:00',224.377,73.346,0.85,90250.1,0),(1574,105,'2012-10-11','05:15:00',233.532,75.783,0.856,90253.9,0),(1575,105,'2012-10-11','05:16:00',217.462,72.554,0.833,90257.8,0),(1576,105,'2012-10-11','05:17:00',240.767,78.132,0.856,90261.7,0),(1577,105,'2012-10-11','05:18:00',239.111,79.067,0.84,90265.5,0),(1578,105,'2012-10-11','05:19:00',233.74,76.587,0.848,90269.4,0),(1579,105,'2012-10-11','05:20:00',234.526,76.879,0.847,90273.4,0),(1580,105,'2012-10-11','05:21:00',203.406,66.119,0.855,90277.4,0),(1581,105,'2012-10-11','05:22:00',192.427,62.196,0.859,90280.6,0),(1582,105,'2012-10-11','05:23:00',191.476,61.777,0.861,90283.8,0),(1583,105,'2012-10-11','05:24:00',203.285,66.779,0.846,90287.1,0),(1584,105,'2012-10-11','05:25:00',195.923,64.135,0.849,90290.3,0),(1585,105,'2012-10-11','05:26:00',182.094,59.818,0.846,90293.5,0),(1586,105,'2012-10-11','05:27:00',189.9,60.361,0.874,90296.7,0),(1587,105,'2012-10-11','05:28:00',192.024,63.912,0.835,90299.9,0),(1588,105,'2012-10-11','05:29:00',184.932,60.037,0.856,90303.1,0),(1589,105,'2012-10-11','05:30:00',196.932,63.713,0.859,90306.3,0),(1590,105,'2012-10-11','05:31:00',191.861,63.228,0.843,90309.6,0),(1591,105,'2012-10-11','05:32:00',192.659,62.566,0.855,90312.8,0),(1592,105,'2012-10-11','05:33:00',188.483,62.354,0.84,90316,0),(1593,105,'2012-10-11','05:34:00',179.701,57.769,0.864,90319.2,0),(1594,105,'2012-10-11','05:35:00',192.567,61.092,0.876,90322.5,0),(1595,105,'2012-10-11','05:36:00',192.684,62.442,0.857,90325.7,0),(1596,105,'2012-10-11','05:37:00',205.568,66.903,0.854,90328.9,0),(1597,105,'2012-10-11','05:38:00',199.133,65.035,0.851,90332.2,0),(1598,105,'2012-10-11','05:39:00',191.557,63.407,0.839,90335.5,0),(1599,105,'2012-10-11','05:40:00',236.556,77.229,0.851,90338.7,0),(1600,105,'2012-10-11','05:41:00',246.684,79.751,0.859,90342.8,0),(1601,105,'2012-10-11','05:42:00',252.838,81.16,0.865,90346.8,0),(1602,105,'2012-10-11','05:43:00',0,3.078,0,90349.1,0),(1603,105,'2012-10-11','05:44:00',0,2,0,90349.1,0),(1604,105,'2012-10-11','05:45:00',238.209,77.988,0.848,90350.7,0),(1605,105,'2012-10-11','05:46:00',233.238,75.508,0.858,90354.6,0),(1606,105,'2012-10-11','05:47:00',230.638,75.207,0.852,90358.5,0),(1607,105,'2012-10-11','05:48:00',235.17,78.5,0.832,90362.5,0),(1608,105,'2012-10-11','05:49:00',241.981,80.242,0.838,90366.5,0),(1609,105,'2012-10-11','05:50:00',231.795,76.575,0.841,90369.1,0),(1610,105,'2012-10-11','05:51:00',239.254,76.713,0.866,90373.1,0),(1611,105,'2012-10-11','05:52:00',254.8,82.576,0.857,90377.1,0),(1612,105,'2012-10-11','05:53:00',249.686,80.705,0.859,90381.1,0),(1613,105,'2012-10-11','05:54:00',240.672,79.53,0.841,90385.1,0),(1614,105,'2012-10-11','05:55:00',230.472,75.834,0.844,90389.1,0),(1615,105,'2012-10-11','05:56:00',239.939,78.742,0.846,90393.1,0),(1616,105,'2012-10-11','05:57:00',236.816,76.441,0.861,90397.1,0),(1617,105,'2012-10-11','05:58:00',235.227,76.705,0.852,90401,0),(1618,105,'2012-10-11','05:59:00',201.004,65.3,0.855,90405,0),(1619,106,'2012-10-11','06:00:00',0,3.455,0,90405,0),(1620,106,'2012-10-11','06:01:00',0,3.049,0,90405,0),(1621,106,'2012-10-11','06:02:00',0,2.856,0,90405,0),(1622,106,'2012-10-11','06:03:00',231.568,74.136,0.868,90406.1,0),(1623,106,'2012-10-11','06:04:00',238.493,77.452,0.855,90410,0),(1624,106,'2012-10-11','06:05:00',218.819,71.921,0.845,90414,0),(1625,106,'2012-10-11','06:06:00',228.649,76.33,0.832,90418,0),(1626,106,'2012-10-11','06:07:00',227.804,75.089,0.843,90421.9,0),(1627,106,'2012-10-11','06:08:00',233.658,74.226,0.874,90425.8,0),(1628,106,'2012-10-11','06:09:00',233.534,76.601,0.847,90429.7,0),(1629,106,'2012-10-11','06:10:00',232.658,77.579,0.833,90433.6,0),(1630,106,'2012-10-11','06:11:00',225.842,74.201,0.845,90437.5,0),(1631,106,'2012-10-11','06:12:00',245.293,78.784,0.865,90441.4,0),(1632,106,'2012-10-11','06:13:00',221.594,73.767,0.834,90445.4,0),(1633,106,'2012-10-11','06:14:00',232.276,77.079,0.837,90449.4,0),(1634,106,'2012-10-11','06:15:00',241.261,78.631,0.852,90453.4,0),(1635,106,'2012-10-11','06:16:00',246.276,79.591,0.86,90457.4,0),(1636,106,'2012-10-11','06:17:00',233.84,77.314,0.84,90461.4,0),(1637,106,'2012-10-11','06:18:00',242.445,78.87,0.854,90465.4,0),(1638,106,'2012-10-11','06:19:00',226.477,75.001,0.839,90469.4,0),(1639,106,'2012-10-11','06:20:00',235.591,77.567,0.844,90473.4,0),(1640,106,'2012-10-11','06:21:00',243.741,80.077,0.846,90477.4,0),(1641,106,'2012-10-11','06:22:00',239.117,79.519,0.835,90481.4,0),(1642,106,'2012-10-11','06:23:00',232.642,76.236,0.848,90485.3,0),(1643,106,'2012-10-11','06:24:00',240.547,80.212,0.833,90489.3,0),(1644,106,'2012-10-11','06:25:00',228.929,76.698,0.829,90493.4,0),(1645,106,'2012-10-11','06:26:00',250.398,80.784,0.861,90497.4,0),(1646,106,'2012-10-11','06:27:00',247.354,81.407,0.844,90501.5,0),(1647,106,'2012-10-11','06:28:00',250.489,80.849,0.861,90505.5,0),(1648,106,'2012-10-11','06:29:00',241.769,79.276,0.847,90509.5,0),(1649,106,'2012-10-11','06:30:00',244.04,78.49,0.864,90513.5,0),(1650,106,'2012-10-11','06:31:00',226.387,75.503,0.833,90517.5,0),(1651,106,'2012-10-11','06:32:00',236.588,78.425,0.838,90521.5,0),(1652,106,'2012-10-11','06:33:00',243.472,79.36,0.852,90525.4,0),(1653,106,'2012-10-11','06:34:00',224.846,73.784,0.846,90529.4,0),(1654,106,'2012-10-11','06:35:00',250.987,81.461,0.856,90533.3,0),(1655,106,'2012-10-11','06:36:00',251.97,79.807,0.877,90537.3,0),(1656,106,'2012-10-11','06:37:00',239.85,76.887,0.867,90541.4,0),(1657,106,'2012-10-11','06:38:00',233.078,77.427,0.836,90545.5,0),(1658,106,'2012-10-11','06:39:00',240.888,79.149,0.845,90549.5,0),(1659,106,'2012-10-11','06:40:00',245.695,81.091,0.842,90553.7,0),(1660,106,'2012-10-11','06:41:00',245.496,81.206,0.84,90557.8,0),(1661,106,'2012-10-11','06:42:00',239.028,79.913,0.831,90561.9,0),(1662,106,'2012-10-11','06:43:00',248.449,82.214,0.839,90566,0),(1663,106,'2012-10-11','06:44:00',244.836,80.524,0.845,90570.1,0),(1664,106,'2012-10-11','06:45:00',245.79,78.476,0.87,90574.2,0),(1665,106,'2012-10-11','06:46:00',246.995,81.054,0.846,90578.3,0),(1666,106,'2012-10-11','06:47:00',249.289,81.437,0.85,90582.4,0),(1667,106,'2012-10-11','06:48:00',251.36,81.131,0.861,90586.5,0),(1668,106,'2012-10-11','06:49:00',246.79,80.003,0.857,90590.6,0),(1669,106,'2012-10-11','06:50:00',245.438,80.293,0.849,90594.7,0),(1670,106,'2012-10-11','06:51:00',253.171,81.581,0.862,90598.8,0),(1671,106,'2012-10-11','06:52:00',251.093,82.463,0.846,90603,0),(1672,106,'2012-10-11','06:53:00',248.88,80.805,0.856,90607.1,0),(1673,106,'2012-10-11','06:54:00',235.13,76.564,0.853,90611.2,0),(1674,106,'2012-10-11','06:55:00',263.61,84.794,0.864,90615.4,0),(1675,106,'2012-10-11','06:56:00',250.205,81.305,0.855,90619.6,0);
/*!40000 ALTER TABLE `datos_prima` ENABLE KEYS */;
UNLOCK TABLES;

--
-- Table structure for table `datos_reportes`
--

DROP TABLE IF EXISTS `datos_reportes`;
/*!40101 SET @saved_cs_client     = @@character_set_client */;
/*!40101 SET character_set_client = utf8 */;
CREATE TABLE `datos_reportes` (
  `id` int(12) NOT NULL AUTO_INCREMENT,
  `id_reporte` int(8) NOT NULL,
  `fecha_datos_reporte` date NOT NULL,
  `tipo_arena` varchar(20) NOT NULL,
  `supervisor` varchar(20) NOT NULL,
  `hora_inicio` time NOT NULL,
  `hora_final` time NOT NULL,
  `horas_produccion` time NOT NULL,
  `materia_prima` float NOT NULL,
  `produccion` float NOT NULL,
  `rendimiento` int(4) NOT NULL,
  `productividad` float NOT NULL,
  PRIMARY KEY (`id`,`id_reporte`),
  KEY `fecha` (`fecha_datos_reporte`,`tipo_arena`,`supervisor`,`hora_inicio`,`hora_final`),
  KEY `id_reporte` (`id_reporte`),
  CONSTRAINT `datos_reportes_ibfk_1` FOREIGN KEY (`id_reporte`) REFERENCES `reportes` (`id_reporte`) ON DELETE CASCADE ON UPDATE CASCADE
) ENGINE=InnoDB AUTO_INCREMENT=13 DEFAULT CHARSET=latin1;
/*!40101 SET character_set_client = @saved_cs_client */;

--
-- Dumping data for table `datos_reportes`
--

LOCK TABLES `datos_reportes` WRITE;
/*!40000 ALTER TABLE `datos_reportes` DISABLE KEYS */;
INSERT INTO `datos_reportes` VALUES (9,4,'2012-10-11','40-45','arm','01:00:00','03:00:00','02:00:00',436.4,181.5,41,181.5),(10,4,'2012-10-11','100-120','arm','02:00:00','06:54:00','04:54:00',1075.9,439.4,41,89.67),(11,5,'2012-10-11','100-120','daa','01:00:00','06:46:00','05:46:00',1253.9,508.5,41,88.18),(12,6,'2012-10-11','120-140','qaz','01:00:00','06:33:00','05:33:00',1201,487.2,41,87.78);
/*!40000 ALTER TABLE `datos_reportes` ENABLE KEYS */;
UNLOCK TABLES;

--
-- Table structure for table `datos_seca`
--

DROP TABLE IF EXISTS `datos_seca`;
/*!40101 SET @saved_cs_client     = @@character_set_client */;
/*!40101 SET character_set_client = utf8 */;
CREATE TABLE `datos_seca` (
  `id` bigint(20) NOT NULL AUTO_INCREMENT,
  `id_carga` bigint(20) NOT NULL,
  `date` date NOT NULL,
  `time` time NOT NULL,
  `flujo` float NOT NULL,
  `carga` float NOT NULL,
  `velocidad` float NOT NULL,
  `total1` float NOT NULL,
  `total2` float NOT NULL,
  PRIMARY KEY (`id`),
  KEY `datos_humeda_fk_1` (`id_carga`),
  CONSTRAINT `datos_seca_ibfk_1` FOREIGN KEY (`id_carga`) REFERENCES `cargas` (`id`) ON DELETE CASCADE ON UPDATE CASCADE
) ENGINE=InnoDB AUTO_INCREMENT=1750 DEFAULT CHARSET=utf8 COLLATE=utf8_spanish_ci COMMENT='Datos arena humeda';
/*!40101 SET character_set_client = @saved_cs_client */;

--
-- Dumping data for table `datos_seca`
--

LOCK TABLES `datos_seca` WRITE;
/*!40000 ALTER TABLE `datos_seca` DISABLE KEYS */;
INSERT INTO `datos_seca` VALUES (1215,82,'2012-11-15','12:00:00',150.483,46.792,0.893,24309.2,0),(1216,82,'2012-11-15','12:01:00',121.597,38.048,0.901,24311.2,0),(1217,82,'2012-11-15','12:02:00',125.37,39.046,0.892,24313.2,0),(1218,82,'2012-11-15','12:03:00',126.63,39.015,0.902,24315.2,0),(1219,82,'2012-11-15','12:04:00',126.115,38.8,0.903,24317.2,0),(1220,82,'2012-11-15','12:05:00',144.297,44.696,0.897,24319.3,0),(1221,82,'2012-11-15','12:06:00',117.747,36.8,0.889,24321.2,0),(1222,82,'2012-11-15','12:07:00',132.218,40.427,0.908,24323.1,0),(1223,82,'2012-11-15','12:08:00',118.937,37.096,0.891,24325.3,0),(1224,82,'2012-11-15','12:09:00',114.277,35.549,0.893,24327.2,0),(1225,82,'2012-11-15','12:10:00',120.393,37.192,0.899,24329,0),(1226,82,'2012-11-15','12:11:00',100.982,30.954,0.906,24330.7,0),(1227,82,'2012-11-15','12:12:00',110.348,34.302,0.9,24332.4,0),(1228,82,'2012-11-15','12:13:00',97.737,30.329,0.895,24334.3,0),(1229,82,'2012-11-15','12:14:00',96.113,29.684,0.899,24335.9,0),(1230,82,'2012-11-15','12:15:00',87.375,26.877,0.903,24337.3,0),(1231,82,'2012-11-15','12:16:00',113.092,34.824,0.902,24339,0),(1232,82,'2012-11-15','12:17:00',121.671,37.421,0.903,24340.8,0),(1233,82,'2012-11-15','12:18:00',114.906,35.328,0.903,24342.9,0),(1234,82,'2012-11-15','12:19:00',83.686,25.622,0.907,24344.5,0),(1235,82,'2012-11-15','12:20:00',92.342,28.557,0.898,24346.3,0),(1236,82,'2012-11-15','12:21:00',122.391,37.89,0.897,24348.1,0),(1237,82,'2012-11-15','12:22:00',119.582,39.644,0.899,24350.2,0),(1238,82,'2012-11-15','12:23:00',119.481,36.984,0.897,24352,0),(1239,82,'2012-11-15','12:24:00',81.525,24.698,0.917,24353.5,0),(1240,82,'2012-11-15','12:25:00',93.872,29.127,0.895,24354.9,0),(1241,82,'2012-11-15','12:26:00',76.792,23.945,0.891,24356.5,0),(1242,82,'2012-11-15','12:27:00',111.433,34.62,0.894,24358.2,0),(1243,82,'2012-11-15','12:28:00',115.384,35.841,0.894,24359.8,0),(1244,82,'2012-11-15','12:29:00',89.502,27.381,0.908,24361.7,0),(1245,82,'2012-11-15','12:30:00',106.163,32.329,0.912,24363.3,0),(1246,82,'2012-11-15','12:31:00',110.709,33.87,0.908,24365.1,0),(1247,82,'2012-11-15','12:32:00',108.534,33.434,0.902,24367,0),(1248,82,'2012-11-15','12:33:00',123.422,38.2,0.897,24368.9,0),(1249,82,'2012-11-15','12:34:00',132.628,40.717,0.905,24370.9,0),(1250,82,'2012-11-15','12:35:00',143.211,44.221,0.9,24373.1,0),(1251,82,'2012-11-15','12:36:00',116.418,36.405,0.888,24375.1,0),(1252,82,'2012-11-15','12:37:00',120.879,37.287,0.901,24377,0),(1253,82,'2012-11-15','12:38:00',125.623,38.222,0.913,24378.9,0),(1254,82,'2012-11-15','12:39:00',107.921,32.832,0.913,24380.7,0),(1255,82,'2012-11-15','12:40:00',108.318,33.196,0.906,24382.7,0),(1256,82,'2012-11-15','12:41:00',105.857,31.965,0.92,24384.5,0),(1257,82,'2012-11-15','12:42:00',132.105,41.082,0.893,24386.2,0),(1258,82,'2012-11-15','12:43:00',102.073,31.372,0.904,24387.9,0),(1259,82,'2012-11-15','12:44:00',106.572,32.662,0.906,24389.7,0),(1260,82,'2012-11-15','12:45:00',115.504,36.085,0.889,24391.6,0),(1261,82,'2012-11-15','12:46:00',107.667,33.733,0.887,24393.4,0),(1262,82,'2012-11-15','12:47:00',79.196,24.073,0.914,24395.1,0),(1263,82,'2012-11-15','12:48:00',83.291,25.607,0.904,24396.4,0),(1264,82,'2012-11-15','12:49:00',59.461,18.519,0.892,24397.6,0),(1265,82,'2012-11-15','12:50:00',56.224,17.613,0.887,24398.7,0),(1266,82,'2012-11-15','12:51:00',52.218,16.041,0.904,24399.6,0),(1267,82,'2012-11-15','12:52:00',59.345,18.066,0.912,24400.5,0),(1268,82,'2012-11-15','12:53:00',62.239,18.901,0.915,24401.5,0),(1269,82,'2012-11-15','12:54:00',78.573,24.202,0.902,24402.7,0),(1270,82,'2012-11-15','12:55:00',121.576,37.319,0.905,24404.2,0),(1271,82,'2012-11-15','12:56:00',109.272,33.955,0.894,24406.1,0),(1272,82,'2012-11-15','12:57:00',100.575,31.233,0.895,24408,0),(1273,82,'2012-11-15','12:58:00',107.193,32.709,0.91,24410,0),(1274,82,'2012-11-15','12:59:00',120.696,37.379,0.897,24411.8,0),(1275,83,'2012-11-15','13:00:00',110.851,34.879,0.883,24413.7,0),(1276,83,'2012-11-15','13:01:00',114.26,35.379,0.897,24415.7,0),(1277,83,'2012-11-15','13:02:00',110.112,33.646,0.909,24417.7,0),(1278,83,'2012-11-15','13:03:00',119.228,36.812,0.9,24419.4,0),(1279,83,'2012-11-15','13:04:00',104.332,32.209,0.9,24421.3,0),(1280,83,'2012-11-15','13:05:00',110.932,34.637,0.89,24423.3,0),(1281,83,'2012-11-15','13:06:00',119.435,36.905,0.899,24425.3,0),(1282,83,'2012-11-15','13:07:00',124.671,38.109,0.909,24427,0),(1283,83,'2012-11-15','13:08:00',113.207,34.581,0.909,24429,0),(1284,83,'2012-11-15','13:09:00',106.402,32.442,0.911,24430.9,0),(1285,83,'2012-11-15','13:10:00',115.926,35.856,0.898,24432.6,0),(1286,83,'2012-11-15','13:11:00',109.029,33.733,0.898,24434.3,0),(1287,83,'2012-11-15','13:12:00',113.044,34.992,0.897,24436,0),(1288,83,'2012-11-15','13:13:00',114.728,35.33,0.902,24437.8,0),(1289,83,'2012-11-15','13:14:00',103.329,31.761,0.904,24439.5,0),(1290,83,'2012-11-15','13:15:00',125.344,38.439,0.906,24441.4,0),(1291,83,'2012-11-15','13:16:00',112.073,34.233,0.909,24443.1,0),(1292,83,'2012-11-15','13:17:00',98.362,30.525,0.895,24444.8,0),(1293,83,'2012-11-15','13:18:00',118.075,36.566,0.897,24446.8,0),(1294,83,'2012-11-15','13:19:00',120.467,36.997,0.904,24448.8,0),(1295,83,'2012-11-15','13:20:00',127.944,39.467,0.9,24450.8,0),(1296,83,'2012-11-15','13:21:00',146.132,45.136,0.899,24452.7,0),(1297,83,'2012-11-15','13:22:00',120.786,37.163,0.903,24454.8,0),(1298,83,'2012-11-15','13:23:00',116.513,35.755,0.905,24456.7,0),(1299,83,'2012-11-15','13:24:00',117.794,37.348,0.906,24458.7,0),(1300,83,'2012-11-15','13:25:00',120.404,36.756,0.91,24460.5,0),(1301,83,'2012-11-15','13:26:00',107.975,33.317,0.9,24462.5,0),(1302,83,'2012-11-15','13:27:00',118.889,36.439,0.906,24464.5,0),(1303,83,'2012-11-15','13:28:00',123.721,38.179,0.9,24466.4,0),(1304,83,'2012-11-15','13:29:00',112.754,34.828,0.899,24468.4,0),(1305,83,'2012-11-15','13:30:00',119.038,36.73,0.906,24470.3,0),(1306,83,'2012-11-15','13:31:00',108.126,33.144,0.906,24472.1,0),(1307,83,'2012-11-15','13:32:00',122.001,37.468,0.904,24474,0),(1308,83,'2012-11-15','13:33:00',101.172,30.825,0.912,24475.8,0),(1309,83,'2012-11-15','13:34:00',90.208,27.655,0.906,24477.4,0),(1310,83,'2012-11-15','13:35:00',105.472,32.395,0.902,24479.1,0),(1311,83,'2012-11-15','13:36:00',91.492,27.97,0.909,24480.8,0),(1312,83,'2012-11-15','13:37:00',97.937,30.17,0.902,24482.4,0),(1313,83,'2012-11-15','13:38:00',88.42,27.752,0.885,24484,0),(1314,83,'2012-11-15','13:39:00',118.33,36.116,0.91,24485.7,0),(1315,83,'2012-11-15','13:40:00',111.024,34.114,0.904,24487.4,0),(1316,83,'2012-11-15','13:41:00',91.838,28.142,0.906,24488.9,0),(1317,83,'2012-11-15','13:42:00',104.451,32.089,0.904,24490.4,0),(1318,83,'2012-11-15','13:43:00',92.521,28.27,0.909,24492,0),(1319,83,'2012-11-15','13:44:00',108.851,33.669,0.898,24493.7,0),(1320,83,'2012-11-15','13:45:00',93.394,28.952,0.896,24495.3,0),(1321,83,'2012-11-15','13:46:00',92.573,28.819,0.892,24496.9,0),(1322,83,'2012-11-15','13:47:00',124.019,38.326,0.899,24498.4,0),(1323,83,'2012-11-15','13:48:00',137.087,42.207,0.902,24500.5,0),(1324,83,'2012-11-15','13:49:00',126.224,39.006,0.899,24502.5,0),(1325,83,'2012-11-15','13:50:00',114.362,35.133,0.91,24504.5,0),(1326,83,'2012-11-15','13:51:00',124.34,39.017,0.885,24506.5,0),(1327,83,'2012-11-15','13:52:00',111.996,34.718,0.896,24508.5,0),(1328,83,'2012-11-15','13:53:00',133.98,41.331,0.9,24510.7,0),(1329,83,'2012-11-15','13:54:00',115.633,35.613,0.902,24512.7,0),(1330,83,'2012-11-15','13:55:00',122.634,37.326,0.913,24514.7,0),(1331,83,'2012-11-15','13:56:00',113.374,34.539,0.912,24516.6,0),(1332,83,'2012-11-15','13:57:00',96.37,29.674,0.902,24518.5,0),(1333,83,'2012-11-15','13:58:00',95.306,29.169,0.908,24520.3,0),(1334,83,'2012-11-15','13:59:00',114.694,35.321,0.902,24522.1,0),(1335,84,'2012-11-15','14:00:00',96.431,29.562,0.906,24523.9,0),(1336,84,'2012-11-15','14:01:00',126.375,39.567,0.887,24525.6,0),(1337,84,'2012-11-15','14:02:00',115.204,35.828,0.893,24527.3,0),(1338,84,'2012-11-15','14:03:00',106.61,32.942,0.899,24529.1,0),(1339,84,'2012-11-15','14:04:00',86.281,26.682,0.898,24530.8,0),(1340,84,'2012-11-15','14:05:00',103.389,31.967,0.898,24532.3,0),(1341,84,'2012-11-15','14:06:00',118.193,36.533,0.899,24534.1,0),(1342,84,'2012-11-15','14:07:00',111.386,34.622,0.894,24535.9,0),(1343,84,'2012-11-15','14:08:00',102.367,31.592,0.9,24537.8,0),(1344,84,'2012-11-15','14:09:00',92.67,28.781,0.894,24539.6,0),(1345,84,'2012-11-15','14:10:00',114.563,35.301,0.901,24541.5,0),(1346,84,'2012-11-15','14:11:00',108.535,33.327,0.905,24543.4,0),(1347,84,'2012-11-15','14:12:00',98.346,30.129,0.907,24545.3,0),(1348,84,'2012-11-15','14:13:00',97.041,29.959,0.9,24547.1,0),(1349,84,'2012-11-15','14:14:00',88.331,27.068,0.906,24548.9,0),(1350,84,'2012-11-15','14:15:00',118.072,36.637,0.895,24550.8,0),(1351,84,'2012-11-15','14:16:00',108.355,33.195,0.907,24552.6,0),(1352,84,'2012-11-15','14:17:00',111.263,34.419,0.898,24554.4,0),(1353,84,'2012-11-15','14:18:00',114.463,34.99,0.909,24556.2,0),(1354,84,'2012-11-15','14:19:00',114.656,35.757,0.891,24557.9,0),(1355,84,'2012-11-15','14:20:00',109.558,33.85,0.899,24559.7,0),(1356,84,'2012-11-15','14:21:00',114.183,34.798,0.911,24561.5,0),(1357,84,'2012-11-15','14:22:00',80.901,24.922,0.902,24563.2,0),(1358,84,'2012-11-15','14:23:00',68.292,20.829,0.911,24564.7,0),(1359,84,'2012-11-15','14:24:00',84.095,25.994,0.899,24566,0),(1360,84,'2012-11-15','14:25:00',105.293,32.524,0.899,24567.4,0),(1361,84,'2012-11-15','14:26:00',129.747,39.664,0.909,24569.2,0),(1362,84,'2012-11-15','14:27:00',116.621,36.037,0.899,24571.3,0),(1363,84,'2012-11-15','14:28:00',98.651,30.395,0.902,24573,0),(1364,84,'2012-11-15','14:29:00',92.367,27.995,0.917,24574.8,0),(1365,84,'2012-11-15','14:30:00',88.024,27.191,0.899,24576.5,0),(1366,84,'2012-11-15','14:31:00',66.973,20.798,0.894,24577.8,0),(1367,84,'2012-11-15','14:32:00',77.861,23.775,0.899,24579.1,0),(1368,84,'2012-11-15','14:33:00',79.698,24.716,0.896,24580.4,0),(1369,84,'2012-11-15','14:34:00',56.499,17.38,0.903,24581.5,0),(1370,84,'2012-11-15','14:35:00',43.448,13.259,0.91,24582.3,0),(1371,84,'2012-11-15','14:36:00',48.522,15.015,0.898,24583,0),(1372,84,'2012-11-15','14:37:00',79.669,24.375,0.908,24584.2,0),(1373,84,'2012-11-15','14:38:00',89.39,27.318,0.909,24585.7,0),(1374,84,'2012-11-15','14:39:00',109.482,33.193,0.916,24587.4,0),(1375,84,'2012-11-15','14:40:00',140.852,43.429,0.901,24589.2,0),(1376,84,'2012-11-15','14:41:00',115.977,35.749,0.901,24591.2,0),(1377,84,'2012-11-15','14:42:00',115.784,35.636,0.903,24593.1,0),(1378,84,'2012-11-15','14:43:00',117.436,36.526,0.893,24595,0),(1379,84,'2012-11-15','14:44:00',119.281,36.709,0.903,24597.1,0),(1380,84,'2012-11-15','14:45:00',93.066,28.617,0.903,24598.9,0),(1381,84,'2012-11-15','14:46:00',116.232,35.197,0.917,24600.6,0),(1382,84,'2012-11-15','14:47:00',131.757,40.317,0.908,24602.5,0),(1383,84,'2012-11-15','14:48:00',118.643,36.601,0.9,24604.5,0),(1384,84,'2012-11-15','14:49:00',119.588,37.058,0.896,24606.3,0),(1385,84,'2012-11-15','14:50:00',121.756,37.563,0.9,24608.2,0),(1386,84,'2012-11-15','14:51:00',122.551,37.863,0.899,24610.1,0),(1387,84,'2012-11-15','14:52:00',128.201,39.253,0.907,24612.3,0),(1388,84,'2012-11-15','14:53:00',103.592,32.119,0.896,24614.4,0),(1389,84,'2012-11-15','14:54:00',124.995,38.44,0.903,24616.5,0),(1390,84,'2012-11-15','14:55:00',127.204,39.52,0.894,24618.6,0),(1391,84,'2012-11-15','14:56:00',127.937,39.925,0.89,24620.8,0),(1392,84,'2012-11-15','14:57:00',132.478,41.155,0.894,24622.9,0),(1393,84,'2012-11-15','14:58:00',120.692,37.09,0.904,24624.9,0),(1394,84,'2012-11-15','14:59:00',127.676,39.201,0.905,24627,0),(1395,95,'2012-10-11','01:00:00',60.534,18.771,0.896,71779.9,0),(1396,95,'2012-10-11','01:01:00',90.099,27.907,0.897,71781.3,0),(1397,95,'2012-10-11','01:02:00',102.918,32.042,0.892,71782.9,0),(1398,95,'2012-10-11','01:03:00',114.04,35.055,0.904,71784.7,0),(1399,95,'2012-10-11','01:04:00',122.302,37.379,0.909,71786.7,0),(1400,95,'2012-10-11','01:05:00',86.426,26.55,0.904,71788.6,0),(1401,95,'2012-10-11','01:06:00',93.804,28.555,0.912,71790.1,0),(1402,95,'2012-10-11','01:07:00',107.485,32.887,0.908,71791.7,0),(1403,95,'2012-10-11','01:08:00',105.491,32.932,0.89,71793.8,0),(1404,95,'2012-10-11','01:09:00',107.136,33.432,0.89,71795.7,0),(1405,95,'2012-10-11','01:10:00',119.83,37.065,0.898,71797.6,0),(1406,95,'2012-10-11','01:11:00',100.167,31.06,0.896,71799.4,0),(1407,95,'2012-10-11','01:12:00',120.682,37.391,0.897,71801.2,0),(1408,95,'2012-10-11','01:13:00',109.69,33.761,0.902,71803,0),(1409,95,'2012-10-11','01:14:00',105.065,32.451,0.899,71804.8,0),(1410,95,'2012-10-11','01:15:00',100.327,30.956,0.9,71806.5,0),(1411,95,'2012-10-11','01:16:00',94.362,29.282,0.895,71808.1,0),(1412,95,'2012-10-11','01:17:00',80.075,24.507,0.901,71809.6,0),(1413,95,'2012-10-11','01:18:00',94.734,28.635,0.919,71811.1,0),(1414,95,'2012-10-11','01:19:00',104.976,32.261,0.904,71812.7,0),(1415,95,'2012-10-11','01:20:00',100.026,30.565,0.909,71814.5,0),(1416,95,'2012-10-11','01:21:00',87.22,27.023,0.897,71816.2,0),(1417,95,'2012-10-11','01:22:00',75.192,22.994,0.908,71817.5,0),(1418,95,'2012-10-11','01:23:00',74.392,23.073,0.896,71818.7,0),(1419,95,'2012-10-11','01:24:00',78.083,23.845,0.91,71820,0),(1420,95,'2012-10-11','01:25:00',89.503,27.724,0.897,71821.5,0),(1421,95,'2012-10-11','01:26:00',92.23,28.152,0.91,71823,0),(1422,95,'2012-10-11','01:27:00',86.417,26.776,0.896,71824.4,0),(1423,95,'2012-10-11','01:28:00',59.88,18.627,0.893,71825.7,0),(1424,95,'2012-10-11','01:29:00',73.857,22.605,0.908,71826.9,0),(1425,95,'2012-10-11','01:30:00',75.383,23.466,0.892,71828.1,0),(1426,95,'2012-10-11','01:31:00',90.249,27.074,0.926,71829.4,0),(1427,95,'2012-10-11','01:32:00',88.413,26.926,0.912,71830.9,0),(1428,95,'2012-10-11','01:33:00',77.194,23.785,0.902,71832.2,0),(1429,95,'2012-10-11','01:34:00',82.375,25.429,0.9,71833.5,0),(1430,95,'2012-10-11','01:35:00',75.361,23.269,0.9,71834.8,0),(1431,95,'2012-10-11','01:36:00',75.398,23.173,0.904,71836.1,0),(1432,95,'2012-10-11','01:37:00',82.901,25.461,0.904,71837.4,0),(1433,95,'2012-10-11','01:38:00',68.191,20.694,0.915,71838.6,0),(1434,95,'2012-10-11','01:39:00',70.09,21.53,0.904,71839.8,0),(1435,95,'2012-10-11','01:40:00',61.277,18.585,0.916,71841,0),(1436,95,'2012-10-11','01:41:00',70.066,21.43,0.908,71842.3,0),(1437,95,'2012-10-11','01:42:00',59.202,18.429,0.892,71843.4,0),(1438,95,'2012-10-11','01:43:00',63.16,19.29,0.91,71844.5,0),(1439,95,'2012-10-11','01:44:00',68.026,20.858,0.906,71845.6,0),(1440,95,'2012-10-11','01:45:00',57.917,18.007,0.893,71846.6,0),(1441,95,'2012-10-11','01:46:00',59.756,18.222,0.911,71847.6,0),(1442,95,'2012-10-11','01:47:00',72.61,22.207,0.908,71848.8,0),(1443,95,'2012-10-11','01:48:00',80.229,24.895,0.895,71850.1,0),(1444,95,'2012-10-11','01:49:00',82.991,25.775,0.894,71851.4,0),(1445,95,'2012-10-11','01:50:00',83.436,25.155,0.921,71852.8,0),(1446,95,'2012-10-11','01:51:00',78.063,23.945,0.906,71854.2,0),(1447,95,'2012-10-11','01:52:00',61.895,19.249,0.893,71855.4,0),(1448,95,'2012-10-11','01:53:00',71.722,22.035,0.904,71856.6,0),(1449,95,'2012-10-11','01:54:00',60.673,18.691,0.902,71857.7,0),(1450,95,'2012-10-11','01:55:00',80.982,24.905,0.903,71858.9,0),(1451,95,'2012-10-11','01:56:00',85.777,26.721,0.892,71860.2,0),(1452,95,'2012-10-11','01:57:00',62.91,19.499,0.896,71861.4,0),(1453,95,'2012-10-11','01:58:00',66.297,20.533,0.897,71862.5,0),(1454,95,'2012-10-11','01:59:00',52.823,16.21,0.905,71863.5,0),(1455,96,'2012-10-11','02:00:00',50.176,15.185,0.918,71864.4,0),(1456,96,'2012-10-11','02:01:00',43.027,13.086,0.913,71865.2,0),(1457,96,'2012-10-11','02:02:00',50.35,15.536,0.9,71866,0),(1458,96,'2012-10-11','02:03:00',40.458,12.455,0.902,71866.8,0),(1459,96,'2012-10-11','02:04:00',39.336,12.029,0.908,71867.5,0),(1460,96,'2012-10-11','02:05:00',40.001,12.267,0.906,71868.1,0),(1461,96,'2012-10-11','02:06:00',44.455,13.57,0.91,71868.8,0),(1462,96,'2012-10-11','02:07:00',54.449,16.509,0.916,71869.6,0),(1463,96,'2012-10-11','02:08:00',57.245,17.502,0.909,71870.5,0),(1464,96,'2012-10-11','02:09:00',74.435,22.892,0.903,71871.6,0),(1465,96,'2012-10-11','02:10:00',85.463,26.096,0.91,71872.8,0),(1466,96,'2012-10-11','02:11:00',99.225,30.891,0.892,71874.3,0),(1467,96,'2012-10-11','02:12:00',103.127,31.801,0.901,71876,0),(1468,96,'2012-10-11','02:13:00',95.889,29.603,0.9,71877.8,0),(1469,96,'2012-10-11','02:14:00',119.862,36.618,0.909,71879.6,0),(1470,96,'2012-10-11','02:15:00',119.327,36.924,0.898,71881.6,0),(1471,96,'2012-10-11','02:16:00',113.566,35.297,0.894,71883.5,0),(1472,96,'2012-10-11','02:17:00',121.213,37.612,0.895,71885.5,0),(1473,96,'2012-10-11','02:18:00',107.655,33.781,0.885,71887.4,0),(1474,96,'2012-10-11','02:19:00',106.041,32.368,0.912,71889.2,0),(1475,96,'2012-10-11','02:20:00',115.923,35.956,0.896,71891.1,0),(1476,96,'2012-10-11','02:21:00',118.768,36.047,0.915,71893,0),(1477,96,'2012-10-11','02:22:00',127.289,39.456,0.896,71894.8,0),(1478,96,'2012-10-11','02:23:00',110.598,34.048,0.902,71896.7,0),(1479,96,'2012-10-11','02:24:00',107.797,33.626,0.89,71898.5,0),(1480,96,'2012-10-11','02:25:00',121.664,37.349,0.905,71900.4,0),(1481,96,'2012-10-11','02:26:00',112.178,34.122,0.913,71902.2,0),(1482,96,'2012-10-11','02:27:00',104.069,31.86,0.907,71904.1,0),(1483,96,'2012-10-11','02:28:00',114.008,34.861,0.908,71905.8,0),(1484,96,'2012-10-11','02:29:00',98.99,30.582,0.899,71907.5,0),(1485,96,'2012-10-11','02:30:00',99.988,30.725,0.904,71909.3,0),(1486,96,'2012-10-11','02:31:00',102.134,31.35,0.905,71911.1,0),(1487,96,'2012-10-11','02:32:00',114.629,34.957,0.911,71912.9,0),(1488,96,'2012-10-11','02:33:00',102.224,31.425,0.904,71914.6,0),(1489,96,'2012-10-11','02:34:00',101.491,30.815,0.915,71916.4,0),(1490,96,'2012-10-11','02:35:00',102.745,31.686,0.91,71918.1,0),(1491,96,'2012-10-11','02:36:00',103.369,31.928,0.899,71919.9,0),(1492,96,'2012-10-11','02:37:00',119.431,36.873,0.9,71921.9,0),(1493,96,'2012-10-11','02:38:00',100.582,31.079,0.899,71923.7,0),(1494,96,'2012-10-11','02:39:00',113.632,35.285,0.895,71925.5,0),(1495,96,'2012-10-11','02:40:00',87.032,27.033,0.9,71927.2,0),(1496,96,'2012-10-11','02:41:00',99.202,30.666,0.899,71928.9,0),(1497,96,'2012-10-11','02:42:00',108.175,32.654,0.92,71930.5,0),(1498,96,'2012-10-11','02:43:00',93.098,28.745,0.9,71932,0),(1499,96,'2012-10-11','02:44:00',100.771,30.877,0.907,71933.7,0),(1500,96,'2012-10-11','02:45:00',84.996,25.823,0.914,71935.3,0),(1501,96,'2012-10-11','02:46:00',97.611,30.007,0.904,71936.9,0),(1502,96,'2012-10-11','02:47:00',95.85,29.682,0.897,71938.5,0),(1503,96,'2012-10-11','02:48:00',99.763,30.229,0.917,71940.2,0),(1504,96,'2012-10-11','02:49:00',98.752,30.545,0.898,71941.8,0),(1505,96,'2012-10-11','02:50:00',94.49,28.965,0.906,71943.5,0),(1506,96,'2012-10-11','02:51:00',98.818,30.603,0.897,71945.2,0),(1507,96,'2012-10-11','02:52:00',86.989,26.809,0.901,71946.8,0),(1508,96,'2012-10-11','02:53:00',101.467,31.24,0.902,71948.3,0),(1509,96,'2012-10-11','02:54:00',99.632,30.567,0.905,71949.9,0),(1510,96,'2012-10-11','02:55:00',92.16,28.766,0.89,71951.4,0),(1511,96,'2012-10-11','02:56:00',79.351,24.767,0.89,71952.7,0),(1512,96,'2012-10-11','02:57:00',21.153,6.411,0.917,71953.8,0),(1513,96,'2012-10-11','02:58:00',65.596,20.295,0.898,71954.5,0),(1514,96,'2012-10-11','02:59:00',83.949,25.742,0.906,71955.7,0),(1515,97,'2012-10-11','03:00:00',81.801,25.162,0.903,71957,0),(1516,97,'2012-10-11','03:01:00',68.27,20.895,0.908,71958.3,0),(1517,97,'2012-10-11','03:02:00',65.042,20.205,0.894,71959.4,0),(1518,97,'2012-10-11','03:03:00',63.557,19.508,0.905,71960.4,0),(1519,97,'2012-10-11','03:04:00',53.738,16.471,0.906,71961.4,0),(1520,97,'2012-10-11','03:05:00',53.536,16.627,0.894,71962.3,0),(1521,97,'2012-10-11','03:06:00',47.165,14.068,0.931,71963.1,0),(1522,97,'2012-10-11','03:07:00',43.791,13.524,0.899,71963.9,0),(1523,97,'2012-10-11','03:08:00',42.9,13.16,0.906,71964.5,0),(1524,97,'2012-10-11','03:09:00',50.065,15.74,0.884,71965.3,0),(1525,97,'2012-10-11','03:10:00',75.995,23.367,0.903,71966.4,0),(1526,97,'2012-10-11','03:11:00',93.233,28.9,0.896,71967.9,0),(1527,97,'2012-10-11','03:12:00',85.362,26.574,0.892,71969.4,0),(1528,97,'2012-10-11','03:13:00',89.474,27.485,0.904,71970.9,0),(1529,97,'2012-10-11','03:14:00',112.158,34.185,0.911,71972.5,0),(1530,97,'2012-10-11','03:15:00',118.14,36.149,0.908,71974.3,0),(1531,97,'2012-10-11','03:16:00',124.244,37.922,0.91,71976.2,0),(1532,97,'2012-10-11','03:17:00',107.706,33.069,0.905,71978.2,0),(1533,97,'2012-10-11','03:18:00',110.586,33.798,0.909,71980,0),(1534,97,'2012-10-11','03:19:00',120.474,37.119,0.902,71981.9,0),(1535,97,'2012-10-11','03:20:00',103.188,31.71,0.904,71983.8,0),(1536,97,'2012-10-11','03:21:00',112.421,34.808,0.897,71985.6,0),(1537,97,'2012-10-11','03:22:00',119.191,36.837,0.899,71987.8,0),(1538,97,'2012-10-11','03:23:00',120.946,37.652,0.892,71989.9,0),(1539,97,'2012-10-11','03:24:00',109.226,33.956,0.894,71992,0),(1540,97,'2012-10-11','03:25:00',112.277,34.613,0.901,71994.1,0),(1541,97,'2012-10-11','03:26:00',106.308,32.541,0.907,71996,0),(1542,97,'2012-10-11','03:27:00',113.586,35.085,0.899,71997.9,0),(1543,97,'2012-10-11','03:28:00',99.735,31.172,0.889,71999.7,0),(1544,97,'2012-10-11','03:29:00',96.421,29.941,0.895,72001.4,0),(1545,97,'2012-10-11','03:30:00',93.66,28.604,0.91,72002.9,0),(1546,97,'2012-10-11','03:31:00',83.875,26.017,0.896,72004.5,0),(1547,97,'2012-10-11','03:32:00',112.474,34.937,0.9,72006.2,0),(1548,97,'2012-10-11','03:33:00',106.59,33.021,0.897,72007.9,0),(1549,97,'2012-10-11','03:34:00',104.272,31.734,0.913,72009.6,0),(1550,97,'2012-10-11','03:35:00',98.278,30.124,0.906,72011.3,0),(1551,97,'2012-10-11','03:36:00',99.052,30.203,0.911,72013,0),(1552,97,'2012-10-11','03:37:00',102.152,31.092,0.913,72014.8,0),(1553,97,'2012-10-11','03:38:00',90.316,27.694,0.906,72016.5,0),(1554,97,'2012-10-11','03:39:00',94.562,28.78,0.913,72018,0),(1555,97,'2012-10-11','03:40:00',102.586,31.351,0.909,72019.6,0),(1556,97,'2012-10-11','03:41:00',85.612,26.518,0.897,72021.4,0),(1557,97,'2012-10-11','03:42:00',94.02,28.981,0.9,72022.9,0),(1558,97,'2012-10-11','03:43:00',99.372,30.803,0.896,72024.4,0),(1559,97,'2012-10-11','03:44:00',83.653,25.896,0.897,72025.9,0),(1560,97,'2012-10-11','03:45:00',103.94,32.233,0.896,72027.4,0),(1561,97,'2012-10-11','03:46:00',93.353,28.575,0.907,72029.1,0),(1562,97,'2012-10-11','03:47:00',98.038,29.985,0.908,72030.6,0),(1563,97,'2012-10-11','03:48:00',106.342,33.112,0.892,72032.3,0),(1564,97,'2012-10-11','03:49:00',109.946,33.675,0.907,72033.9,0),(1565,97,'2012-10-11','03:50:00',91.125,28.094,0.901,72035.6,0),(1566,97,'2012-10-11','03:51:00',93.05,28.394,0.91,72037.2,0),(1567,97,'2012-10-11','03:52:00',101.122,30.908,0.909,72038.6,0),(1568,97,'2012-10-11','03:53:00',91.373,27.922,0.909,72040.1,0),(1569,97,'2012-10-11','03:54:00',91.448,28.177,0.902,72041.7,0),(1570,97,'2012-10-11','03:55:00',98.099,29.667,0.919,72043.2,0),(1571,97,'2012-10-11','03:56:00',98.601,30.476,0.899,72044.8,0),(1572,97,'2012-10-11','03:57:00',82.629,25.59,0.897,72046.3,0),(1573,97,'2012-10-11','03:58:00',85.465,26.118,0.909,72047.7,0),(1574,97,'2012-10-11','03:59:00',82.005,24.917,0.914,72049.2,0),(1575,98,'2012-10-11','04:00:00',79.427,24.477,0.901,72050.8,0),(1576,98,'2012-10-11','04:01:00',82.931,25.721,0.896,72052.2,0),(1577,98,'2012-10-11','04:02:00',81.328,24.904,0.907,72053.5,0),(1578,98,'2012-10-11','04:03:00',77.292,23.393,0.918,72054.8,0),(1579,98,'2012-10-11','04:04:00',68.217,21.043,0.901,72056,0),(1580,98,'2012-10-11','04:05:00',63.563,19.629,0.899,72057.2,0),(1581,98,'2012-10-11','04:06:00',76.912,23.566,0.907,72058.4,0),(1582,98,'2012-10-11','04:07:00',74.566,23.319,0.888,72059.5,0),(1583,98,'2012-10-11','04:08:00',71.217,22.002,0.899,72060.9,0),(1584,98,'2012-10-11','04:09:00',72.349,22.666,0.887,72062,0),(1585,98,'2012-10-11','04:10:00',83.212,25.723,0.899,72063.2,0),(1586,98,'2012-10-11','04:11:00',90.865,27.788,0.908,72064.5,0),(1587,98,'2012-10-11','04:12:00',78.759,24.239,0.903,72065.9,0),(1588,98,'2012-10-11','04:13:00',73.281,22.645,0.899,72067.1,0),(1589,98,'2012-10-11','04:14:00',62.581,19.148,0.908,72068.2,0),(1590,98,'2012-10-11','04:15:00',52.83,16.306,0.9,72069.2,0),(1591,98,'2012-10-11','04:16:00',48.764,15.326,0.884,72070.1,0),(1592,98,'2012-10-11','04:17:00',33.866,10.241,0.919,72070.9,0),(1593,98,'2012-10-11','04:18:00',41.803,12.957,0.896,72071.6,0),(1594,98,'2012-10-11','04:19:00',57.385,17.805,0.895,72072.4,0),(1595,98,'2012-10-11','04:20:00',63.358,19.367,0.909,72073.4,0),(1596,98,'2012-10-11','04:21:00',72.526,22.407,0.899,72074.4,0),(1597,98,'2012-10-11','04:22:00',84.937,26.673,0.885,72075.7,0),(1598,98,'2012-10-11','04:23:00',96.266,29.67,0.901,72077.1,0),(1599,98,'2012-10-11','04:24:00',100.346,31.204,0.896,72078.8,0),(1600,98,'2012-10-11','04:25:00',118.661,36.187,0.911,72080.7,0),(1601,98,'2012-10-11','04:26:00',109.859,34.351,0.888,72082.6,0),(1602,98,'2012-10-11','04:27:00',107.612,33.295,0.898,72084.5,0),(1603,98,'2012-10-11','04:28:00',118.818,36.497,0.904,72086.4,0),(1604,98,'2012-10-11','04:29:00',111.017,34.094,0.89,72088.3,0),(1605,98,'2012-10-11','04:30:00',121.165,37.457,0.899,72090.3,0),(1606,98,'2012-10-11','04:31:00',127.432,39.324,0.9,72092.3,0),(1607,98,'2012-10-11','04:32:00',129.743,40.015,0.901,72094.2,0),(1608,98,'2012-10-11','04:33:00',116.513,36.027,0.898,72096.3,0),(1609,98,'2012-10-11','04:34:00',124.436,38.741,0.892,72098.3,0),(1610,98,'2012-10-11','04:35:00',116.861,35.76,0.908,72100.2,0),(1611,98,'2012-10-11','04:36:00',121.185,36.651,0.918,72102.1,0),(1612,98,'2012-10-11','04:37:00',108.32,32.955,0.913,72104,0),(1613,98,'2012-10-11','04:38:00',112.293,34.522,0.904,72105.9,0),(1614,98,'2012-10-11','04:39:00',115.427,35.886,0.893,72107.8,0),(1615,98,'2012-10-11','04:40:00',111.756,34.294,0.905,72109.7,0),(1616,98,'2012-10-11','04:41:00',117.159,36.278,0.897,72111.7,0),(1617,98,'2012-10-11','04:42:00',102.332,31.012,0.917,72113.6,0),(1618,98,'2012-10-11','04:43:00',108.753,32.885,0.919,72115.4,0),(1619,98,'2012-10-11','04:44:00',112.519,34.922,0.895,72117.2,0),(1620,98,'2012-10-11','04:45:00',114.469,35.539,0.895,72119.2,0),(1621,98,'2012-10-11','04:46:00',107.402,32.773,0.91,72121.1,0),(1622,98,'2012-10-11','04:47:00',114.708,35.448,0.899,72123,0),(1623,98,'2012-10-11','04:48:00',111.67,34.35,0.903,72124.8,0),(1624,98,'2012-10-11','04:49:00',107.277,32.943,0.905,72126.7,0),(1625,98,'2012-10-11','04:50:00',116.04,35.735,0.902,72128.5,0),(1626,98,'2012-10-11','04:51:00',119.919,37.347,0.892,72130.4,0),(1627,98,'2012-10-11','04:52:00',100.081,31.035,0.896,72132.1,0),(1628,98,'2012-10-11','04:53:00',103.717,31.76,0.907,72133.9,0),(1629,98,'2012-10-11','04:54:00',104.347,32.136,0.902,72135.7,0),(1630,98,'2012-10-11','04:55:00',97.985,30.355,0.897,72137.3,0),(1631,98,'2012-10-11','04:56:00',84.969,26.403,0.894,72138.7,0),(1632,98,'2012-10-11','04:57:00',83.573,25.354,0.916,72140.1,0),(1633,98,'2012-10-11','04:58:00',79.482,24.295,0.909,72141.5,0),(1634,98,'2012-10-11','04:59:00',98.642,30.671,0.893,72143,0),(1635,99,'2012-10-11','05:00:00',91.547,28.367,0.896,72144.7,0),(1636,99,'2012-10-11','05:01:00',90.843,27.897,0.905,72146.2,0),(1637,99,'2012-10-11','05:02:00',96.608,29.764,0.902,72147.7,0),(1638,99,'2012-10-11','05:03:00',92.269,28.36,0.904,72149.3,0),(1639,99,'2012-10-11','05:04:00',110.03,33.941,0.9,72150.9,0),(1640,99,'2012-10-11','05:05:00',103.668,32.244,0.893,72152.5,0),(1641,99,'2012-10-11','05:06:00',89.644,27.523,0.905,72154.2,0),(1642,99,'2012-10-11','05:07:00',85.32,25.979,0.912,72155.7,0),(1643,99,'2012-10-11','05:08:00',79.983,24.696,0.9,72157.1,0),(1644,99,'2012-10-11','05:09:00',77.289,23.148,0.927,72158.5,0),(1645,99,'2012-10-11','05:10:00',89.104,26.999,0.917,72159.8,0),(1646,99,'2012-10-11','05:11:00',81.31,25.271,0.894,72161.3,0),(1647,99,'2012-10-11','05:12:00',80.546,24.758,0.904,72162.7,0),(1648,99,'2012-10-11','05:13:00',67.414,20.742,0.903,72164,0),(1649,99,'2012-10-11','05:14:00',64.704,20.005,0.898,72165.1,0),(1650,99,'2012-10-11','05:15:00',80.392,24.417,0.915,72166.4,0),(1651,99,'2012-10-11','05:16:00',68.73,21.193,0.901,72167.6,0),(1652,99,'2012-10-11','05:17:00',75.814,22.87,0.921,72168.8,0),(1653,99,'2012-10-11','05:18:00',82.569,25.065,0.915,72170.1,0),(1654,99,'2012-10-11','05:19:00',86.11,26.234,0.912,72171.5,0),(1655,99,'2012-10-11','05:20:00',77.316,23.655,0.908,72172.8,0),(1656,99,'2012-10-11','05:21:00',71.898,22.458,0.923,72174.2,0),(1657,99,'2012-10-11','05:22:00',60.764,19.047,0.886,72175.3,0),(1658,99,'2012-10-11','05:23:00',64.504,19.815,0.904,72176.3,0),(1659,99,'2012-10-11','05:24:00',68.263,20.711,0.916,72177.4,0),(1660,99,'2012-10-11','05:25:00',53.198,16.281,0.908,72178.3,0),(1661,99,'2012-10-11','05:26:00',57.67,17.466,0.917,72179.2,0),(1662,99,'2012-10-11','05:27:00',69.828,21.382,0.907,72180.2,0),(1663,99,'2012-10-11','05:28:00',87.061,26.649,0.907,72181.4,0),(1664,99,'2012-10-11','05:29:00',68.59,21.003,0.907,72182.7,0),(1665,99,'2012-10-11','05:30:00',104.102,32.007,0.903,72184.1,0),(1666,99,'2012-10-11','05:31:00',106.058,32.878,0.92,72185.8,0),(1667,99,'2012-10-11','05:32:00',97.345,29.547,0.908,72187.6,0),(1668,99,'2012-10-11','05:33:00',106.861,33.047,0.898,72189.3,0),(1669,99,'2012-10-11','05:34:00',122.159,37.917,0.895,72191.3,0),(1670,99,'2012-10-11','05:35:00',110.986,34.449,0.895,72193.2,0),(1671,99,'2012-10-11','05:36:00',106.039,32.281,0.912,72195.1,0),(1672,99,'2012-10-11','05:37:00',126.055,38.604,0.907,72196.9,0),(1673,99,'2012-10-11','05:38:00',113.009,34.551,0.909,72198.9,0),(1674,99,'2012-10-11','05:39:00',115.719,35.664,0.901,72200.8,0),(1675,99,'2012-10-11','05:40:00',120.16,36.269,0.92,72202.7,0),(1676,99,'2012-10-11','05:41:00',117.574,35.962,0.908,72204.6,0),(1677,99,'2012-10-11','05:42:00',114.538,35.517,0.896,72206.5,0),(1678,99,'2012-10-11','05:43:00',120.895,37.322,0.9,72208.4,0),(1679,99,'2012-10-11','05:44:00',99.37,30.63,0.901,72210.3,0),(1680,99,'2012-10-11','05:45:00',98.755,30.582,0.897,72212,0),(1681,99,'2012-10-11','05:46:00',114.965,35.418,0.902,72213.8,0),(1682,99,'2012-10-11','05:47:00',109.977,34.261,0.893,72215.7,0),(1683,99,'2012-10-11','05:48:00',107.624,33.097,0.903,72217.5,0),(1684,99,'2012-10-11','05:49:00',105.285,32.278,0.906,72219.1,0),(1685,99,'2012-10-11','05:50:00',97.993,30.426,0.895,72220.8,0),(1686,99,'2012-10-11','05:51:00',101.145,31.335,0.897,72222.4,0),(1687,99,'2012-10-11','05:52:00',93.472,28.759,0.903,72224,0),(1688,99,'2012-10-11','05:53:00',97.123,29.612,0.911,72225.6,0),(1689,99,'2012-10-11','05:54:00',108.858,33.256,0.909,72227.3,0),(1690,99,'2012-10-11','05:55:00',104.419,32.363,0.896,72229,0),(1691,99,'2012-10-11','05:56:00',84.157,25.765,0.907,72230.5,0),(1692,99,'2012-10-11','05:57:00',103.017,31.334,0.913,72232,0),(1693,99,'2012-10-11','05:58:00',74.527,22.837,0.907,72233.5,0),(1694,99,'2012-10-11','05:59:00',7.903,2.425,0.905,72234.4,0),(1695,100,'2012-10-11','06:00:00',21.256,6.542,0.903,72234.6,0),(1696,100,'2012-10-11','06:01:00',35.663,11.069,0.895,72235.2,0),(1697,100,'2012-10-11','06:02:00',11.314,3.423,0.918,72235.7,0),(1698,100,'2012-10-11','06:03:00',20.937,6.418,0.906,72236,0),(1699,100,'2012-10-11','06:04:00',23.738,7.317,0.901,72236.4,0),(1700,100,'2012-10-11','06:05:00',57.431,17.614,0.906,72236.9,0),(1701,100,'2012-10-11','06:06:00',37.683,11.58,0.904,72237.7,0),(1702,100,'2012-10-11','06:07:00',78.643,24.014,0.91,72238.7,0),(1703,100,'2012-10-11','06:08:00',73.235,22.701,0.896,72239.8,0),(1704,100,'2012-10-11','06:09:00',75.647,23.488,0.895,72241.1,0),(1705,100,'2012-10-11','06:10:00',95.335,28.896,0.916,72242.6,0),(1706,100,'2012-10-11','06:11:00',99.627,30.933,0.895,72244.3,0),(1707,100,'2012-10-11','06:12:00',80.176,24.318,0.916,72245.8,0),(1708,100,'2012-10-11','06:13:00',70.902,21.708,0.907,72247,0),(1709,100,'2012-10-11','06:14:00',67.388,20.858,0.897,72248.2,0),(1710,100,'2012-10-11','06:15:00',66.708,20.533,0.902,72249.4,0),(1711,100,'2012-10-11','06:16:00',75.142,22.855,0.913,72250.6,0),(1712,100,'2012-10-11','06:17:00',69.479,21.588,0.894,72251.8,0),(1713,100,'2012-10-11','06:18:00',60.926,18.671,0.906,72252.9,0),(1714,100,'2012-10-11','06:19:00',64.226,19.606,0.91,72254,0),(1715,100,'2012-10-11','06:20:00',59.443,18.13,0.911,72255.1,0),(1716,100,'2012-10-11','06:21:00',62.198,19.239,0.898,72256.2,0),(1717,100,'2012-10-11','06:22:00',67.153,20.399,0.914,72257.3,0),(1718,100,'2012-10-11','06:23:00',62.596,18.949,0.918,72258.3,0),(1719,100,'2012-10-11','06:24:00',62.831,19.507,0.895,72259.4,0),(1720,100,'2012-10-11','06:25:00',54.321,16.74,0.901,72260.5,0),(1721,100,'2012-10-11','06:26:00',54.563,17.048,0.889,72261.4,0),(1722,100,'2012-10-11','06:27:00',52.202,15.951,0.909,72262.3,0),(1723,100,'2012-10-11','06:28:00',48.985,15.107,0.901,72263.2,0),(1724,100,'2012-10-11','06:29:00',46.252,14.147,0.908,72264,0),(1725,100,'2012-10-11','06:30:00',52.344,16.018,0.908,72264.8,0),(1726,100,'2012-10-11','06:31:00',45.744,14.001,0.908,72265.6,0),(1727,100,'2012-10-11','06:32:00',40.784,12.472,0.908,72266.4,0),(1728,100,'2012-10-11','06:33:00',51.546,15.792,0.907,72267.1,0),(1729,100,'2012-10-11','06:34:00',50.977,15.881,0.892,72268,0),(1730,100,'2012-10-11','06:35:00',65.96,20.063,0.913,72269.1,0),(1731,100,'2012-10-11','06:36:00',71.173,22.092,0.895,72270.3,0),(1732,100,'2012-10-11','06:37:00',110.105,34.375,0.89,72271.8,0),(1733,100,'2012-10-11','06:38:00',108.464,32.971,0.914,72273.6,0),(1734,100,'2012-10-11','06:39:00',114.996,34.74,0.919,72275.5,0),(1735,100,'2012-10-11','06:40:00',136.349,41.985,0.902,72277.6,0),(1736,100,'2012-10-11','06:41:00',92.927,28.701,0.899,72279.5,0),(1737,100,'2012-10-11','06:42:00',98.45,29.94,0.913,72281,0),(1738,100,'2012-10-11','06:43:00',99.257,30.375,0.908,72282.9,0),(1739,100,'2012-10-11','06:44:00',105.267,32.756,0.893,72284.8,0),(1740,100,'2012-10-11','06:45:00',113.434,34.854,0.904,72286.5,0),(1741,100,'2012-10-11','06:46:00',118.403,36.402,0.904,72288.4,0),(1742,100,'2012-10-11','06:47:00',120.329,36.595,0.913,72290.4,0),(1743,100,'2012-10-11','06:48:00',119.599,36.833,0.902,72292.4,0),(1744,100,'2012-10-11','06:49:00',124.963,38.196,0.909,72294.4,0),(1745,100,'2012-10-11','06:50:00',120.276,34.176,0.885,72296.3,0),(1746,100,'2012-10-11','06:51:00',121.964,36.967,0.916,72298.2,0),(1747,100,'2012-10-11','06:52:00',116.407,35.811,0.903,72300.1,0),(1748,100,'2012-10-11','06:53:00',109.049,33.809,0.896,72302,0),(1749,100,'2012-10-11','06:54:00',109.314,33.178,0.915,72303.8,0);
/*!40000 ALTER TABLE `datos_seca` ENABLE KEYS */;
UNLOCK TABLES;

--
-- Table structure for table `reportes`
--

DROP TABLE IF EXISTS `reportes`;
/*!40101 SET @saved_cs_client     = @@character_set_client */;
/*!40101 SET character_set_client = utf8 */;
CREATE TABLE `reportes` (
  `id_reporte` int(8) NOT NULL AUTO_INCREMENT,
  `fecha_reporte` datetime NOT NULL,
  `fecha_datos_reporte` date NOT NULL,
  `usuario_reporte` varchar(20) NOT NULL,
  PRIMARY KEY (`id_reporte`),
  KEY `fecha_reporte` (`fecha_reporte`),
  KEY `fecha_datos_reporte` (`fecha_datos_reporte`)
) ENGINE=InnoDB AUTO_INCREMENT=7 DEFAULT CHARSET=latin1;
/*!40101 SET character_set_client = @saved_cs_client */;

--
-- Dumping data for table `reportes`
--

LOCK TABLES `reportes` WRITE;
/*!40000 ALTER TABLE `reportes` DISABLE KEYS */;
INSERT INTO `reportes` VALUES (4,'2012-11-15 05:52:03','2012-10-11','arm'),(5,'2012-11-18 18:23:13','2012-10-11','daa'),(6,'2012-11-18 18:23:46','2012-10-11','qaz');
/*!40000 ALTER TABLE `reportes` ENABLE KEYS */;
UNLOCK TABLES;

--
-- Table structure for table `tipos_arena`
--

DROP TABLE IF EXISTS `tipos_arena`;
/*!40101 SET @saved_cs_client     = @@character_set_client */;
/*!40101 SET character_set_client = utf8 */;
CREATE TABLE `tipos_arena` (
  `id` tinyint(4) NOT NULL AUTO_INCREMENT,
  `nombre` varchar(30) NOT NULL,
  `tipo` varchar(30) NOT NULL,
  PRIMARY KEY (`id`),
  KEY `nombre` (`nombre`)
) ENGINE=InnoDB AUTO_INCREMENT=64 DEFAULT CHARSET=latin1;
/*!40101 SET character_set_client = @saved_cs_client */;

--
-- Dumping data for table `tipos_arena`
--

LOCK TABLES `tipos_arena` WRITE;
/*!40000 ALTER TABLE `tipos_arena` DISABLE KEYS */;
INSERT INTO `tipos_arena` VALUES (1,'30B HUMEDA','HUMEDA'),(2,'30B SECA','SECA'),(3,'FLINT, SISA FLINT 10','SECA'),(4,'REGULAR','DUAL'),(5,'20A, SISA20A/D','SECA'),(6,'20AA','SECA'),(7,'ARENA SI-S70','DUAL'),(8,'ARENA SI-G','DUAL'),(9,'40-50','SECA'),(10,'42-48','SECA'),(11,'45-55','SECA'),(12,'50-60','SECA'),(13,'40-45','DUAL'),(14,'65-75','SECA'),(15,'80-90','SECA'),(16,'100-120','SECA'),(17,'120-140','SECA'),(18,'GRAVILLA','HUMEDA'),(19,'ARENA 4-8 HUMEDA','HUMEDA'),(20,'ARENA PARA REPELLO','HUMEDA'),(21,'ARENA 8-16','SECA'),(22,'ARENA 20-30 HUMEDA','HUMEDA'),(23,'ARENA 16-30','SECA'),(24,'ARENA 40-70','SECA'),(25,'SISAPAR GC TOP HUM/PM','HUMEDA'),(26,'SISA PAR TRAMP','SECA'),(27,'SISA PAR TOP G','SECA'),(28,'SISA PAR TOP C','SECA'),(29,'SISA PAR TEE','SECA'),(30,'SISA PAR GC PERMOPORE','SECA'),(61,'SISA PAR FAIRWAY','SECA'),(62,'SISA PAR TRAMP HUM.','HUMEDA'),(63,'SISA PAR GC TOP HUM.','HUMEDA');
/*!40000 ALTER TABLE `tipos_arena` ENABLE KEYS */;
UNLOCK TABLES;

--
-- Table structure for table `usuarios`
--

DROP TABLE IF EXISTS `usuarios`;
/*!40101 SET @saved_cs_client     = @@character_set_client */;
/*!40101 SET character_set_client = utf8 */;
CREATE TABLE `usuarios` (
  `id` int(4) NOT NULL AUTO_INCREMENT,
  `nombre` varchar(80) COLLATE utf8_spanish_ci NOT NULL,
  `usuario` varchar(15) COLLATE utf8_spanish_ci NOT NULL,
  `clave` varchar(15) COLLATE utf8_spanish_ci NOT NULL,
  `tipo` int(1) NOT NULL,
  PRIMARY KEY (`id`),
  UNIQUE KEY `usuario` (`usuario`),
  KEY `nombre` (`nombre`,`tipo`)
) ENGINE=InnoDB AUTO_INCREMENT=14 DEFAULT CHARSET=utf8 COLLATE=utf8_spanish_ci;
/*!40101 SET character_set_client = @saved_cs_client */;

--
-- Dumping data for table `usuarios`
--

LOCK TABLES `usuarios` WRITE;
/*!40000 ALTER TABLE `usuarios` DISABLE KEYS */;
INSERT INTO `usuarios` VALUES (3,'EDGAR GONZALEZ CANCINO','egc','egc',0),(11,'ARM','arm','arm',1),(12,'DAA','daa','daa',1),(13,'QAZ','qaz','qaz',1);
/*!40000 ALTER TABLE `usuarios` ENABLE KEYS */;
UNLOCK TABLES;
/*!40103 SET TIME_ZONE=@OLD_TIME_ZONE */;

/*!40101 SET SQL_MODE=@OLD_SQL_MODE */;
/*!40014 SET FOREIGN_KEY_CHECKS=@OLD_FOREIGN_KEY_CHECKS */;
/*!40014 SET UNIQUE_CHECKS=@OLD_UNIQUE_CHECKS */;
/*!40101 SET CHARACTER_SET_CLIENT=@OLD_CHARACTER_SET_CLIENT */;
/*!40101 SET CHARACTER_SET_RESULTS=@OLD_CHARACTER_SET_RESULTS */;
/*!40101 SET COLLATION_CONNECTION=@OLD_COLLATION_CONNECTION */;
/*!40111 SET SQL_NOTES=@OLD_SQL_NOTES */;

-- Dump completed on 2012-11-22 22:41:12
